dEQP-VK.pipeline.monolithic.blend.clamp.b8g8r8a8_snorm	Pass	Pass
dEQP-VK.pipeline.monolithic.blend.format.a1r5g5b5_unorm_pack16.states.color_1mcc_1mcc_rsub_alpha_z_sa_rsub-color_ca_o_max_alpha_z_1mca_sub-color_1mcc_ca_add_alpha_cc_1mdc_rsub-color_dc_dc_rsub_alpha_o_1mcc_sub	Pass	Result image matches reference
dEQP-VK.pipeline.monolithic.blend.format.a1r5g5b5_unorm_pack16.states.color_1msa_dc_rsub_alpha_1mdc_1mcc_sub-color_sc_cc_min_alpha_sa_1mcc_max-color_z_cc_rsub_alpha_da_1msa_max-color_1msc_1msc_add_alpha_1mca_sc_add	Pass	Result image matches reference
dEQP-VK.pipeline.monolithic.blend.format.a1r5g5b5_unorm_pack16.states.color_dc_1mdc_max_alpha_1mcc_1msc_max-color_1msa_cc_add_alpha_da_z_min-color_sas_dc_max_alpha_z_sc_min-color_da_ca_rsub_alpha_z_z_add	Pass	Result image matches reference
dEQP-VK.pipeline.monolithic.blend.format.a1r5g5b5_unorm_pack16.states.color_sas_sa_min_alpha_ca_1mda_max-color_1mdc_dc_add_alpha_1mda_sas_rsub-color_sas_1mca_max_alpha_1mca_1mcc_min-color_o_1msa_rsub_alpha_dc_da_min	Pass	Result image matches reference
dEQP-VK.pipeline.monolithic.blend.format.a2b10g10r10_unorm_pack32.states.color_1mcc_1mcc_rsub_alpha_z_sa_rsub-color_ca_o_max_alpha_z_1mca_sub-color_1mcc_ca_add_alpha_cc_1mdc_rsub-color_dc_dc_rsub_alpha_o_1mcc_sub	Pass	Result image matches reference
dEQP-VK.pipeline.monolithic.blend.format.a2b10g10r10_unorm_pack32.states.color_1msa_dc_rsub_alpha_1mdc_1mcc_sub-color_sc_cc_min_alpha_sa_1mcc_max-color_z_cc_rsub_alpha_da_1msa_max-color_1msc_1msc_add_alpha_1mca_sc_add	Pass	Result image matches reference
dEQP-VK.pipeline.monolithic.blend.format.a2b10g10r10_unorm_pack32.states.color_dc_1mdc_max_alpha_1mcc_1msc_max-color_1msa_cc_add_alpha_da_z_min-color_sas_dc_max_alpha_z_sc_min-color_da_ca_rsub_alpha_z_z_add	Pass	Result image matches reference
dEQP-VK.pipeline.monolithic.blend.format.a2b10g10r10_unorm_pack32.states.color_sas_sa_min_alpha_ca_1mda_max-color_1mdc_dc_add_alpha_1mda_sas_rsub-color_sas_1mca_max_alpha_1mca_1mcc_min-color_o_1msa_rsub_alpha_dc_da_min	Pass	Result image matches reference
dEQP-VK.pipeline.monolithic.blend.format.a2r10g10b10_unorm_pack32.states.color_1mcc_1mcc_rsub_alpha_z_sa_rsub-color_ca_o_max_alpha_z_1mca_sub-color_1mcc_ca_add_alpha_cc_1mdc_rsub-color_dc_dc_rsub_alpha_o_1mcc_sub	Pass	Result image matches reference
dEQP-VK.pipeline.monolithic.blend.format.a2r10g10b10_unorm_pack32.states.color_1msa_dc_rsub_alpha_1mdc_1mcc_sub-color_sc_cc_min_alpha_sa_1mcc_max-color_z_cc_rsub_alpha_da_1msa_max-color_1msc_1msc_add_alpha_1mca_sc_add	Pass	Result image matches reference
dEQP-VK.pipeline.monolithic.blend.format.a2r10g10b10_unorm_pack32.states.color_dc_1mdc_max_alpha_1mcc_1msc_max-color_1msa_cc_add_alpha_da_z_min-color_sas_dc_max_alpha_z_sc_min-color_da_ca_rsub_alpha_z_z_add	Pass	Result image matches reference
dEQP-VK.pipeline.monolithic.blend.format.a2r10g10b10_unorm_pack32.states.color_sas_sa_min_alpha_ca_1mda_max-color_1mdc_dc_add_alpha_1mda_sas_rsub-color_sas_1mca_max_alpha_1mca_1mcc_min-color_o_1msa_rsub_alpha_dc_da_min	Pass	Result image matches reference
dEQP-VK.pipeline.monolithic.blend.format.a4b4g4r4_unorm_pack16.states.color_1mcc_1mcc_rsub_alpha_z_sa_rsub-color_ca_o_max_alpha_z_1mca_sub-color_1mcc_ca_add_alpha_cc_1mdc_rsub-color_dc_dc_rsub_alpha_o_1mcc_sub	Pass	Result image matches reference
dEQP-VK.pipeline.monolithic.blend.format.a4b4g4r4_unorm_pack16.states.color_1msa_dc_rsub_alpha_1mdc_1mcc_sub-color_sc_cc_min_alpha_sa_1mcc_max-color_z_cc_rsub_alpha_da_1msa_max-color_1msc_1msc_add_alpha_1mca_sc_add	Pass	Result image matches reference
dEQP-VK.pipeline.monolithic.blend.format.a4b4g4r4_unorm_pack16.states.color_dc_1mdc_max_alpha_1mcc_1msc_max-color_1msa_cc_add_alpha_da_z_min-color_sas_dc_max_alpha_z_sc_min-color_da_ca_rsub_alpha_z_z_add	Pass	Result image matches reference
dEQP-VK.pipeline.monolithic.blend.format.a4b4g4r4_unorm_pack16.states.color_sas_sa_min_alpha_ca_1mda_max-color_1mdc_dc_add_alpha_1mda_sas_rsub-color_sas_1mca_max_alpha_1mca_1mcc_min-color_o_1msa_rsub_alpha_dc_da_min	Pass	Result image matches reference
dEQP-VK.pipeline.monolithic.blend.format.a4r4g4b4_unorm_pack16.states.color_1mcc_1mcc_rsub_alpha_z_sa_rsub-color_ca_o_max_alpha_z_1mca_sub-color_1mcc_ca_add_alpha_cc_1mdc_rsub-color_dc_dc_rsub_alpha_o_1mcc_sub	Pass	Result image matches reference
dEQP-VK.pipeline.monolithic.blend.format.a4r4g4b4_unorm_pack16.states.color_1msa_dc_rsub_alpha_1mdc_1mcc_sub-color_sc_cc_min_alpha_sa_1mcc_max-color_z_cc_rsub_alpha_da_1msa_max-color_1msc_1msc_add_alpha_1mca_sc_add	Pass	Result image matches reference
dEQP-VK.pipeline.monolithic.blend.format.a4r4g4b4_unorm_pack16.states.color_dc_1mdc_max_alpha_1mcc_1msc_max-color_1msa_cc_add_alpha_da_z_min-color_sas_dc_max_alpha_z_sc_min-color_da_ca_rsub_alpha_z_z_add	Pass	Result image matches reference
dEQP-VK.pipeline.monolithic.blend.format.a4r4g4b4_unorm_pack16.states.color_sas_sa_min_alpha_ca_1mda_max-color_1mdc_dc_add_alpha_1mda_sas_rsub-color_sas_1mca_max_alpha_1mca_1mcc_min-color_o_1msa_rsub_alpha_dc_da_min	Pass	Result image matches reference
dEQP-VK.pipeline.monolithic.blend.format.b10g11r11_ufloat_pack32.states.color_1mcc_1mcc_rsub_alpha_z_sa_rsub-color_ca_o_max_alpha_z_1mca_sub-color_1mcc_ca_add_alpha_cc_1mdc_rsub-color_dc_dc_rsub_alpha_o_1mcc_sub	Pass	Result image matches reference
dEQP-VK.pipeline.monolithic.blend.format.b10g11r11_ufloat_pack32.states.color_1msa_dc_rsub_alpha_1mdc_1mcc_sub-color_sc_cc_min_alpha_sa_1mcc_max-color_z_cc_rsub_alpha_da_1msa_max-color_1msc_1msc_add_alpha_1mca_sc_add	Pass	Result image matches reference
dEQP-VK.pipeline.monolithic.blend.format.b10g11r11_ufloat_pack32.states.color_dc_1mdc_max_alpha_1mcc_1msc_max-color_1msa_cc_add_alpha_da_z_min-color_sas_dc_max_alpha_z_sc_min-color_da_ca_rsub_alpha_z_z_add	Pass	Result image matches reference
dEQP-VK.pipeline.monolithic.blend.format.b10g11r11_ufloat_pack32.states.color_sas_sa_min_alpha_ca_1mda_max-color_1mdc_dc_add_alpha_1mda_sas_rsub-color_sas_1mca_max_alpha_1mca_1mcc_min-color_o_1msa_rsub_alpha_dc_da_min	Pass	Result image matches reference
dEQP-VK.pipeline.monolithic.blend.format.b4g4r4a4_unorm_pack16.states.color_1mcc_1mcc_rsub_alpha_z_sa_rsub-color_ca_o_max_alpha_z_1mca_sub-color_1mcc_ca_add_alpha_cc_1mdc_rsub-color_dc_dc_rsub_alpha_o_1mcc_sub	Pass	Result image matches reference
dEQP-VK.pipeline.monolithic.blend.format.b4g4r4a4_unorm_pack16.states.color_1msa_dc_rsub_alpha_1mdc_1mcc_sub-color_sc_cc_min_alpha_sa_1mcc_max-color_z_cc_rsub_alpha_da_1msa_max-color_1msc_1msc_add_alpha_1mca_sc_add	Pass	Result image matches reference
dEQP-VK.pipeline.monolithic.blend.format.b4g4r4a4_unorm_pack16.states.color_dc_1mdc_max_alpha_1mcc_1msc_max-color_1msa_cc_add_alpha_da_z_min-color_sas_dc_max_alpha_z_sc_min-color_da_ca_rsub_alpha_z_z_add	Pass	Result image matches reference
dEQP-VK.pipeline.monolithic.blend.format.b4g4r4a4_unorm_pack16.states.color_sas_sa_min_alpha_ca_1mda_max-color_1mdc_dc_add_alpha_1mda_sas_rsub-color_sas_1mca_max_alpha_1mca_1mcc_min-color_o_1msa_rsub_alpha_dc_da_min	Pass	Result image matches reference
dEQP-VK.pipeline.monolithic.blend.format.b5g5r5a1_unorm_pack16.states.color_1mcc_1mcc_rsub_alpha_z_sa_rsub-color_ca_o_max_alpha_z_1mca_sub-color_1mcc_ca_add_alpha_cc_1mdc_rsub-color_dc_dc_rsub_alpha_o_1mcc_sub	NotSupported	VK_FORMAT_B5G5R5A1_UNORM_PACK16 does not support blending at vktPipelineBlendTests.cpp:73
dEQP-VK.pipeline.monolithic.blend.format.b5g5r5a1_unorm_pack16.states.color_1msa_dc_rsub_alpha_1mdc_1mcc_sub-color_sc_cc_min_alpha_sa_1mcc_max-color_z_cc_rsub_alpha_da_1msa_max-color_1msc_1msc_add_alpha_1mca_sc_add	NotSupported	VK_FORMAT_B5G5R5A1_UNORM_PACK16 does not support blending at vktPipelineBlendTests.cpp:73
dEQP-VK.pipeline.monolithic.blend.format.b5g5r5a1_unorm_pack16.states.color_dc_1mdc_max_alpha_1mcc_1msc_max-color_1msa_cc_add_alpha_da_z_min-color_sas_dc_max_alpha_z_sc_min-color_da_ca_rsub_alpha_z_z_add	NotSupported	VK_FORMAT_B5G5R5A1_UNORM_PACK16 does not support blending at vktPipelineBlendTests.cpp:73
dEQP-VK.pipeline.monolithic.blend.format.b5g5r5a1_unorm_pack16.states.color_sas_sa_min_alpha_ca_1mda_max-color_1mdc_dc_add_alpha_1mda_sas_rsub-color_sas_1mca_max_alpha_1mca_1mcc_min-color_o_1msa_rsub_alpha_dc_da_min	NotSupported	VK_FORMAT_B5G5R5A1_UNORM_PACK16 does not support blending at vktPipelineBlendTests.cpp:73
dEQP-VK.pipeline.monolithic.blend.format.r10x6g10x6b10x6a10x6_unorm_4pack16.states.color_1mcc_1mcc_rsub_alpha_z_sa_rsub-color_ca_o_max_alpha_z_1mca_sub-color_1mcc_ca_add_alpha_cc_1mdc_rsub-color_dc_dc_rsub_alpha_o_1mcc_sub	NotSupported	VK_FORMAT_R10X6G10X6B10X6A10X6_UNORM_4PACK16 does not support blending at vktPipelineBlendTests.cpp:73
dEQP-VK.pipeline.monolithic.blend.format.r10x6g10x6b10x6a10x6_unorm_4pack16.states.color_1msa_dc_rsub_alpha_1mdc_1mcc_sub-color_sc_cc_min_alpha_sa_1mcc_max-color_z_cc_rsub_alpha_da_1msa_max-color_1msc_1msc_add_alpha_1mca_sc_add	NotSupported	VK_FORMAT_R10X6G10X6B10X6A10X6_UNORM_4PACK16 does not support blending at vktPipelineBlendTests.cpp:73
dEQP-VK.pipeline.monolithic.blend.format.r10x6g10x6b10x6a10x6_unorm_4pack16.states.color_dc_1mdc_max_alpha_1mcc_1msc_max-color_1msa_cc_add_alpha_da_z_min-color_sas_dc_max_alpha_z_sc_min-color_da_ca_rsub_alpha_z_z_add	NotSupported	VK_FORMAT_R10X6G10X6B10X6A10X6_UNORM_4PACK16 does not support blending at vktPipelineBlendTests.cpp:73
dEQP-VK.pipeline.monolithic.blend.format.r10x6g10x6b10x6a10x6_unorm_4pack16.states.color_sas_sa_min_alpha_ca_1mda_max-color_1mdc_dc_add_alpha_1mda_sas_rsub-color_sas_1mca_max_alpha_1mca_1mcc_min-color_o_1msa_rsub_alpha_dc_da_min	NotSupported	VK_FORMAT_R10X6G10X6B10X6A10X6_UNORM_4PACK16 does not support blending at vktPipelineBlendTests.cpp:73
dEQP-VK.pipeline.monolithic.blend.format.r16_sfloat.states.color_1mcc_1mcc_rsub_alpha_z_sa_rsub-color_ca_o_max_alpha_z_1mca_sub-color_1mcc_ca_add_alpha_cc_1mdc_rsub-color_dc_dc_rsub_alpha_o_1mcc_sub	Pass	Result image matches reference
dEQP-VK.pipeline.monolithic.blend.format.r16_sfloat.states.color_1msa_dc_rsub_alpha_1mdc_1mcc_sub-color_sc_cc_min_alpha_sa_1mcc_max-color_z_cc_rsub_alpha_da_1msa_max-color_1msc_1msc_add_alpha_1mca_sc_add	Pass	Result image matches reference
dEQP-VK.pipeline.monolithic.blend.format.r16_sfloat.states.color_dc_1mdc_max_alpha_1mcc_1msc_max-color_1msa_cc_add_alpha_da_z_min-color_sas_dc_max_alpha_z_sc_min-color_da_ca_rsub_alpha_z_z_add	Pass	Result image matches reference
dEQP-VK.pipeline.monolithic.blend.format.r16_sfloat.states.color_sas_sa_min_alpha_ca_1mda_max-color_1mdc_dc_add_alpha_1mda_sas_rsub-color_sas_1mca_max_alpha_1mca_1mcc_min-color_o_1msa_rsub_alpha_dc_da_min	Pass	Result image matches reference
dEQP-VK.pipeline.monolithic.blend.format.r16_snorm.states.color_1mcc_1mcc_rsub_alpha_z_sa_rsub-color_ca_o_max_alpha_z_1mca_sub-color_1mcc_ca_add_alpha_cc_1mdc_rsub-color_dc_dc_rsub_alpha_o_1mcc_sub	Pass	Result image matches reference
dEQP-VK.pipeline.monolithic.blend.format.r16_snorm.states.color_1msa_dc_rsub_alpha_1mdc_1mcc_sub-color_sc_cc_min_alpha_sa_1mcc_max-color_z_cc_rsub_alpha_da_1msa_max-color_1msc_1msc_add_alpha_1mca_sc_add	Pass	Result image matches reference
dEQP-VK.pipeline.monolithic.blend.format.r16_snorm.states.color_dc_1mdc_max_alpha_1mcc_1msc_max-color_1msa_cc_add_alpha_da_z_min-color_sas_dc_max_alpha_z_sc_min-color_da_ca_rsub_alpha_z_z_add	Pass	Result image matches reference
dEQP-VK.pipeline.monolithic.blend.format.r16_snorm.states.color_sas_sa_min_alpha_ca_1mda_max-color_1mdc_dc_add_alpha_1mda_sas_rsub-color_sas_1mca_max_alpha_1mca_1mcc_min-color_o_1msa_rsub_alpha_dc_da_min	Pass	Result image matches reference
dEQP-VK.pipeline.monolithic.blend.format.r16_unorm.states.color_1mcc_1mcc_rsub_alpha_z_sa_rsub-color_ca_o_max_alpha_z_1mca_sub-color_1mcc_ca_add_alpha_cc_1mdc_rsub-color_dc_dc_rsub_alpha_o_1mcc_sub	Pass	Result image matches reference
dEQP-VK.pipeline.monolithic.blend.format.r16_unorm.states.color_1msa_dc_rsub_alpha_1mdc_1mcc_sub-color_sc_cc_min_alpha_sa_1mcc_max-color_z_cc_rsub_alpha_da_1msa_max-color_1msc_1msc_add_alpha_1mca_sc_add	Pass	Result image matches reference
dEQP-VK.pipeline.monolithic.blend.format.r16_unorm.states.color_dc_1mdc_max_alpha_1mcc_1msc_max-color_1msa_cc_add_alpha_da_z_min-color_sas_dc_max_alpha_z_sc_min-color_da_ca_rsub_alpha_z_z_add	Pass	Result image matches reference
dEQP-VK.pipeline.monolithic.blend.format.r16_unorm.states.color_sas_sa_min_alpha_ca_1mda_max-color_1mdc_dc_add_alpha_1mda_sas_rsub-color_sas_1mca_max_alpha_1mca_1mcc_min-color_o_1msa_rsub_alpha_dc_da_min	Pass	Result image matches reference
dEQP-VK.pipeline.monolithic.blend.format.r16g16_sfloat.states.color_1mcc_1mcc_rsub_alpha_z_sa_rsub-color_ca_o_max_alpha_z_1mca_sub-color_1mcc_ca_add_alpha_cc_1mdc_rsub-color_dc_dc_rsub_alpha_o_1mcc_sub	Pass	Result image matches reference
dEQP-VK.pipeline.monolithic.blend.format.r16g16_sfloat.states.color_1msa_dc_rsub_alpha_1mdc_1mcc_sub-color_sc_cc_min_alpha_sa_1mcc_max-color_z_cc_rsub_alpha_da_1msa_max-color_1msc_1msc_add_alpha_1mca_sc_add	Pass	Result image matches reference
dEQP-VK.pipeline.monolithic.blend.format.r16g16_sfloat.states.color_dc_1mdc_max_alpha_1mcc_1msc_max-color_1msa_cc_add_alpha_da_z_min-color_sas_dc_max_alpha_z_sc_min-color_da_ca_rsub_alpha_z_z_add	Pass	Result image matches reference
dEQP-VK.pipeline.monolithic.blend.format.r16g16_sfloat.states.color_sas_sa_min_alpha_ca_1mda_max-color_1mdc_dc_add_alpha_1mda_sas_rsub-color_sas_1mca_max_alpha_1mca_1mcc_min-color_o_1msa_rsub_alpha_dc_da_min	Pass	Result image matches reference
dEQP-VK.pipeline.monolithic.blend.format.r16g16_snorm.states.color_1mcc_1mcc_rsub_alpha_z_sa_rsub-color_ca_o_max_alpha_z_1mca_sub-color_1mcc_ca_add_alpha_cc_1mdc_rsub-color_dc_dc_rsub_alpha_o_1mcc_sub	Pass	Result image matches reference
dEQP-VK.pipeline.monolithic.blend.format.r16g16_snorm.states.color_1msa_dc_rsub_alpha_1mdc_1mcc_sub-color_sc_cc_min_alpha_sa_1mcc_max-color_z_cc_rsub_alpha_da_1msa_max-color_1msc_1msc_add_alpha_1mca_sc_add	Pass	Result image matches reference
dEQP-VK.pipeline.monolithic.blend.format.r16g16_snorm.states.color_dc_1mdc_max_alpha_1mcc_1msc_max-color_1msa_cc_add_alpha_da_z_min-color_sas_dc_max_alpha_z_sc_min-color_da_ca_rsub_alpha_z_z_add	Pass	Result image matches reference
dEQP-VK.pipeline.monolithic.blend.format.r16g16_snorm.states.color_sas_sa_min_alpha_ca_1mda_max-color_1mdc_dc_add_alpha_1mda_sas_rsub-color_sas_1mca_max_alpha_1mca_1mcc_min-color_o_1msa_rsub_alpha_dc_da_min	Pass	Result image matches reference
dEQP-VK.pipeline.monolithic.blend.format.r16g16_unorm.states.color_1mcc_1mcc_rsub_alpha_z_sa_rsub-color_ca_o_max_alpha_z_1mca_sub-color_1mcc_ca_add_alpha_cc_1mdc_rsub-color_dc_dc_rsub_alpha_o_1mcc_sub	Pass	Result image matches reference
dEQP-VK.pipeline.monolithic.blend.format.r16g16_unorm.states.color_1msa_dc_rsub_alpha_1mdc_1mcc_sub-color_sc_cc_min_alpha_sa_1mcc_max-color_z_cc_rsub_alpha_da_1msa_max-color_1msc_1msc_add_alpha_1mca_sc_add	Pass	Result image matches reference
dEQP-VK.pipeline.monolithic.blend.format.r16g16_unorm.states.color_dc_1mdc_max_alpha_1mcc_1msc_max-color_1msa_cc_add_alpha_da_z_min-color_sas_dc_max_alpha_z_sc_min-color_da_ca_rsub_alpha_z_z_add	Pass	Result image matches reference
dEQP-VK.pipeline.monolithic.blend.format.r16g16_unorm.states.color_sas_sa_min_alpha_ca_1mda_max-color_1mdc_dc_add_alpha_1mda_sas_rsub-color_sas_1mca_max_alpha_1mca_1mcc_min-color_o_1msa_rsub_alpha_dc_da_min	Pass	Result image matches reference
dEQP-VK.pipeline.monolithic.blend.format.r16g16b16_sfloat.states.color_1mcc_1mcc_rsub_alpha_z_sa_rsub-color_ca_o_max_alpha_z_1mca_sub-color_1mcc_ca_add_alpha_cc_1mdc_rsub-color_dc_dc_rsub_alpha_o_1mcc_sub	NotSupported	VK_FORMAT_R16G16B16_SFLOAT does not support blending at vktPipelineBlendTests.cpp:73
dEQP-VK.pipeline.monolithic.blend.format.r16g16b16_sfloat.states.color_1msa_dc_rsub_alpha_1mdc_1mcc_sub-color_sc_cc_min_alpha_sa_1mcc_max-color_z_cc_rsub_alpha_da_1msa_max-color_1msc_1msc_add_alpha_1mca_sc_add	NotSupported	VK_FORMAT_R16G16B16_SFLOAT does not support blending at vktPipelineBlendTests.cpp:73
dEQP-VK.pipeline.monolithic.blend.format.r16g16b16_sfloat.states.color_dc_1mdc_max_alpha_1mcc_1msc_max-color_1msa_cc_add_alpha_da_z_min-color_sas_dc_max_alpha_z_sc_min-color_da_ca_rsub_alpha_z_z_add	NotSupported	VK_FORMAT_R16G16B16_SFLOAT does not support blending at vktPipelineBlendTests.cpp:73
dEQP-VK.pipeline.monolithic.blend.format.r16g16b16_sfloat.states.color_sas_sa_min_alpha_ca_1mda_max-color_1mdc_dc_add_alpha_1mda_sas_rsub-color_sas_1mca_max_alpha_1mca_1mcc_min-color_o_1msa_rsub_alpha_dc_da_min	NotSupported	VK_FORMAT_R16G16B16_SFLOAT does not support blending at vktPipelineBlendTests.cpp:73
dEQP-VK.pipeline.monolithic.blend.format.r16g16b16_snorm.states.color_1mcc_1mcc_rsub_alpha_z_sa_rsub-color_ca_o_max_alpha_z_1mca_sub-color_1mcc_ca_add_alpha_cc_1mdc_rsub-color_dc_dc_rsub_alpha_o_1mcc_sub	NotSupported	VK_FORMAT_R16G16B16_SNORM does not support blending at vktPipelineBlendTests.cpp:73
dEQP-VK.pipeline.monolithic.blend.format.r16g16b16_snorm.states.color_1msa_dc_rsub_alpha_1mdc_1mcc_sub-color_sc_cc_min_alpha_sa_1mcc_max-color_z_cc_rsub_alpha_da_1msa_max-color_1msc_1msc_add_alpha_1mca_sc_add	NotSupported	VK_FORMAT_R16G16B16_SNORM does not support blending at vktPipelineBlendTests.cpp:73
dEQP-VK.pipeline.monolithic.blend.format.r16g16b16_snorm.states.color_dc_1mdc_max_alpha_1mcc_1msc_max-color_1msa_cc_add_alpha_da_z_min-color_sas_dc_max_alpha_z_sc_min-color_da_ca_rsub_alpha_z_z_add	NotSupported	VK_FORMAT_R16G16B16_SNORM does not support blending at vktPipelineBlendTests.cpp:73
dEQP-VK.pipeline.monolithic.blend.format.r16g16b16_snorm.states.color_sas_sa_min_alpha_ca_1mda_max-color_1mdc_dc_add_alpha_1mda_sas_rsub-color_sas_1mca_max_alpha_1mca_1mcc_min-color_o_1msa_rsub_alpha_dc_da_min	NotSupported	VK_FORMAT_R16G16B16_SNORM does not support blending at vktPipelineBlendTests.cpp:73
dEQP-VK.pipeline.monolithic.blend.format.r16g16b16_unorm.states.color_1mcc_1mcc_rsub_alpha_z_sa_rsub-color_ca_o_max_alpha_z_1mca_sub-color_1mcc_ca_add_alpha_cc_1mdc_rsub-color_dc_dc_rsub_alpha_o_1mcc_sub	NotSupported	VK_FORMAT_R16G16B16_UNORM does not support blending at vktPipelineBlendTests.cpp:73
dEQP-VK.pipeline.monolithic.blend.format.r16g16b16_unorm.states.color_1msa_dc_rsub_alpha_1mdc_1mcc_sub-color_sc_cc_min_alpha_sa_1mcc_max-color_z_cc_rsub_alpha_da_1msa_max-color_1msc_1msc_add_alpha_1mca_sc_add	NotSupported	VK_FORMAT_R16G16B16_UNORM does not support blending at vktPipelineBlendTests.cpp:73
dEQP-VK.pipeline.monolithic.blend.format.r16g16b16_unorm.states.color_dc_1mdc_max_alpha_1mcc_1msc_max-color_1msa_cc_add_alpha_da_z_min-color_sas_dc_max_alpha_z_sc_min-color_da_ca_rsub_alpha_z_z_add	NotSupported	VK_FORMAT_R16G16B16_UNORM does not support blending at vktPipelineBlendTests.cpp:73
dEQP-VK.pipeline.monolithic.blend.format.r16g16b16_unorm.states.color_sas_sa_min_alpha_ca_1mda_max-color_1mdc_dc_add_alpha_1mda_sas_rsub-color_sas_1mca_max_alpha_1mca_1mcc_min-color_o_1msa_rsub_alpha_dc_da_min	NotSupported	VK_FORMAT_R16G16B16_UNORM does not support blending at vktPipelineBlendTests.cpp:73
dEQP-VK.pipeline.monolithic.blend.format.r16g16b16a16_sfloat.states.color_1mcc_1mcc_rsub_alpha_z_sa_rsub-color_ca_o_max_alpha_z_1mca_sub-color_1mcc_ca_add_alpha_cc_1mdc_rsub-color_dc_dc_rsub_alpha_o_1mcc_sub	Pass	Result image matches reference
dEQP-VK.pipeline.monolithic.blend.format.r16g16b16a16_sfloat.states.color_1msa_dc_rsub_alpha_1mdc_1mcc_sub-color_sc_cc_min_alpha_sa_1mcc_max-color_z_cc_rsub_alpha_da_1msa_max-color_1msc_1msc_add_alpha_1mca_sc_add	Pass	Result image matches reference
dEQP-VK.pipeline.monolithic.blend.format.r16g16b16a16_sfloat.states.color_dc_1mdc_max_alpha_1mcc_1msc_max-color_1msa_cc_add_alpha_da_z_min-color_sas_dc_max_alpha_z_sc_min-color_da_ca_rsub_alpha_z_z_add	Pass	Result image matches reference
dEQP-VK.pipeline.monolithic.blend.format.r16g16b16a16_sfloat.states.color_sas_sa_min_alpha_ca_1mda_max-color_1mdc_dc_add_alpha_1mda_sas_rsub-color_sas_1mca_max_alpha_1mca_1mcc_min-color_o_1msa_rsub_alpha_dc_da_min	Pass	Result image matches reference
dEQP-VK.pipeline.monolithic.blend.format.r16g16b16a16_snorm.states.color_1mcc_1mcc_rsub_alpha_z_sa_rsub-color_ca_o_max_alpha_z_1mca_sub-color_1mcc_ca_add_alpha_cc_1mdc_rsub-color_dc_dc_rsub_alpha_o_1mcc_sub	Pass	Result image matches reference
dEQP-VK.pipeline.monolithic.blend.format.r16g16b16a16_snorm.states.color_1msa_dc_rsub_alpha_1mdc_1mcc_sub-color_sc_cc_min_alpha_sa_1mcc_max-color_z_cc_rsub_alpha_da_1msa_max-color_1msc_1msc_add_alpha_1mca_sc_add	Pass	Result image matches reference
dEQP-VK.pipeline.monolithic.blend.format.r16g16b16a16_snorm.states.color_dc_1mdc_max_alpha_1mcc_1msc_max-color_1msa_cc_add_alpha_da_z_min-color_sas_dc_max_alpha_z_sc_min-color_da_ca_rsub_alpha_z_z_add	Pass	Result image matches reference
dEQP-VK.pipeline.monolithic.blend.format.r16g16b16a16_snorm.states.color_sas_sa_min_alpha_ca_1mda_max-color_1mdc_dc_add_alpha_1mda_sas_rsub-color_sas_1mca_max_alpha_1mca_1mcc_min-color_o_1msa_rsub_alpha_dc_da_min	Pass	Result image matches reference
dEQP-VK.pipeline.monolithic.blend.format.r16g16b16a16_unorm.states.color_1mcc_1mcc_rsub_alpha_z_sa_rsub-color_ca_o_max_alpha_z_1mca_sub-color_1mcc_ca_add_alpha_cc_1mdc_rsub-color_dc_dc_rsub_alpha_o_1mcc_sub	Pass	Result image matches reference
dEQP-VK.pipeline.monolithic.blend.format.r16g16b16a16_unorm.states.color_1msa_dc_rsub_alpha_1mdc_1mcc_sub-color_sc_cc_min_alpha_sa_1mcc_max-color_z_cc_rsub_alpha_da_1msa_max-color_1msc_1msc_add_alpha_1mca_sc_add	Pass	Result image matches reference
dEQP-VK.pipeline.monolithic.blend.format.r16g16b16a16_unorm.states.color_dc_1mdc_max_alpha_1mcc_1msc_max-color_1msa_cc_add_alpha_da_z_min-color_sas_dc_max_alpha_z_sc_min-color_da_ca_rsub_alpha_z_z_add	Pass	Result image matches reference
dEQP-VK.pipeline.monolithic.blend.format.r16g16b16a16_unorm.states.color_sas_sa_min_alpha_ca_1mda_max-color_1mdc_dc_add_alpha_1mda_sas_rsub-color_sas_1mca_max_alpha_1mca_1mcc_min-color_o_1msa_rsub_alpha_dc_da_min	Pass	Result image matches reference
dEQP-VK.pipeline.monolithic.blend.format.r32_sfloat.states.color_1mcc_1mcc_rsub_alpha_z_sa_rsub-color_ca_o_max_alpha_z_1mca_sub-color_1mcc_ca_add_alpha_cc_1mdc_rsub-color_dc_dc_rsub_alpha_o_1mcc_sub	Pass	Result image matches reference
dEQP-VK.pipeline.monolithic.blend.format.r32_sfloat.states.color_1msa_dc_rsub_alpha_1mdc_1mcc_sub-color_sc_cc_min_alpha_sa_1mcc_max-color_z_cc_rsub_alpha_da_1msa_max-color_1msc_1msc_add_alpha_1mca_sc_add	Pass	Result image matches reference
dEQP-VK.pipeline.monolithic.blend.format.r32_sfloat.states.color_dc_1mdc_max_alpha_1mcc_1msc_max-color_1msa_cc_add_alpha_da_z_min-color_sas_dc_max_alpha_z_sc_min-color_da_ca_rsub_alpha_z_z_add	Pass	Result image matches reference
dEQP-VK.pipeline.monolithic.blend.format.r32_sfloat.states.color_sas_sa_min_alpha_ca_1mda_max-color_1mdc_dc_add_alpha_1mda_sas_rsub-color_sas_1mca_max_alpha_1mca_1mcc_min-color_o_1msa_rsub_alpha_dc_da_min	Pass	Result image matches reference
dEQP-VK.pipeline.monolithic.blend.format.r32g32_sfloat.states.color_1mcc_1mcc_rsub_alpha_z_sa_rsub-color_ca_o_max_alpha_z_1mca_sub-color_1mcc_ca_add_alpha_cc_1mdc_rsub-color_dc_dc_rsub_alpha_o_1mcc_sub	Pass	Result image matches reference
dEQP-VK.pipeline.monolithic.blend.format.r32g32_sfloat.states.color_1msa_dc_rsub_alpha_1mdc_1mcc_sub-color_sc_cc_min_alpha_sa_1mcc_max-color_z_cc_rsub_alpha_da_1msa_max-color_1msc_1msc_add_alpha_1mca_sc_add	Pass	Result image matches reference
dEQP-VK.pipeline.monolithic.blend.format.r32g32_sfloat.states.color_dc_1mdc_max_alpha_1mcc_1msc_max-color_1msa_cc_add_alpha_da_z_min-color_sas_dc_max_alpha_z_sc_min-color_da_ca_rsub_alpha_z_z_add	Pass	Result image matches reference
dEQP-VK.pipeline.monolithic.blend.format.r32g32_sfloat.states.color_sas_sa_min_alpha_ca_1mda_max-color_1mdc_dc_add_alpha_1mda_sas_rsub-color_sas_1mca_max_alpha_1mca_1mcc_min-color_o_1msa_rsub_alpha_dc_da_min	Pass	Result image matches reference
dEQP-VK.pipeline.monolithic.blend.format.r32g32b32_sfloat.states.color_1mcc_1mcc_rsub_alpha_z_sa_rsub-color_ca_o_max_alpha_z_1mca_sub-color_1mcc_ca_add_alpha_cc_1mdc_rsub-color_dc_dc_rsub_alpha_o_1mcc_sub	Pass	Result image matches reference
dEQP-VK.pipeline.monolithic.blend.format.r32g32b32_sfloat.states.color_1msa_dc_rsub_alpha_1mdc_1mcc_sub-color_sc_cc_min_alpha_sa_1mcc_max-color_z_cc_rsub_alpha_da_1msa_max-color_1msc_1msc_add_alpha_1mca_sc_add	Pass	Result image matches reference
dEQP-VK.pipeline.monolithic.blend.format.r32g32b32_sfloat.states.color_dc_1mdc_max_alpha_1mcc_1msc_max-color_1msa_cc_add_alpha_da_z_min-color_sas_dc_max_alpha_z_sc_min-color_da_ca_rsub_alpha_z_z_add	Pass	Result image matches reference
dEQP-VK.pipeline.monolithic.blend.format.r32g32b32_sfloat.states.color_sas_sa_min_alpha_ca_1mda_max-color_1mdc_dc_add_alpha_1mda_sas_rsub-color_sas_1mca_max_alpha_1mca_1mcc_min-color_o_1msa_rsub_alpha_dc_da_min	Pass	Result image matches reference
dEQP-VK.pipeline.monolithic.blend.format.r32g32b32a32_sfloat.states.color_1mcc_1mcc_rsub_alpha_z_sa_rsub-color_ca_o_max_alpha_z_1mca_sub-color_1mcc_ca_add_alpha_cc_1mdc_rsub-color_dc_dc_rsub_alpha_o_1mcc_sub	Pass	Result image matches reference
dEQP-VK.pipeline.monolithic.blend.format.r32g32b32a32_sfloat.states.color_1msa_dc_rsub_alpha_1mdc_1mcc_sub-color_sc_cc_min_alpha_sa_1mcc_max-color_z_cc_rsub_alpha_da_1msa_max-color_1msc_1msc_add_alpha_1mca_sc_add	Pass	Result image matches reference
dEQP-VK.pipeline.monolithic.blend.format.r32g32b32a32_sfloat.states.color_dc_1mdc_max_alpha_1mcc_1msc_max-color_1msa_cc_add_alpha_da_z_min-color_sas_dc_max_alpha_z_sc_min-color_da_ca_rsub_alpha_z_z_add	Pass	Result image matches reference
dEQP-VK.pipeline.monolithic.blend.format.r32g32b32a32_sfloat.states.color_sas_sa_min_alpha_ca_1mda_max-color_1mdc_dc_add_alpha_1mda_sas_rsub-color_sas_1mca_max_alpha_1mca_1mcc_min-color_o_1msa_rsub_alpha_dc_da_min	Pass	Result image matches reference
dEQP-VK.pipeline.monolithic.blend.format.r4g4_unorm_pack8.states.color_1mcc_1mcc_rsub_alpha_z_sa_rsub-color_ca_o_max_alpha_z_1mca_sub-color_1mcc_ca_add_alpha_cc_1mdc_rsub-color_dc_dc_rsub_alpha_o_1mcc_sub	NotSupported	VK_FORMAT_R4G4_UNORM_PACK8 does not support blending at vktPipelineBlendTests.cpp:73
dEQP-VK.pipeline.monolithic.blend.format.r4g4_unorm_pack8.states.color_1msa_dc_rsub_alpha_1mdc_1mcc_sub-color_sc_cc_min_alpha_sa_1mcc_max-color_z_cc_rsub_alpha_da_1msa_max-color_1msc_1msc_add_alpha_1mca_sc_add	NotSupported	VK_FORMAT_R4G4_UNORM_PACK8 does not support blending at vktPipelineBlendTests.cpp:73
dEQP-VK.pipeline.monolithic.blend.format.r4g4_unorm_pack8.states.color_dc_1mdc_max_alpha_1mcc_1msc_max-color_1msa_cc_add_alpha_da_z_min-color_sas_dc_max_alpha_z_sc_min-color_da_ca_rsub_alpha_z_z_add	NotSupported	VK_FORMAT_R4G4_UNORM_PACK8 does not support blending at vktPipelineBlendTests.cpp:73
dEQP-VK.pipeline.monolithic.blend.format.r4g4_unorm_pack8.states.color_sas_sa_min_alpha_ca_1mda_max-color_1mdc_dc_add_alpha_1mda_sas_rsub-color_sas_1mca_max_alpha_1mca_1mcc_min-color_o_1msa_rsub_alpha_dc_da_min	NotSupported	VK_FORMAT_R4G4_UNORM_PACK8 does not support blending at vktPipelineBlendTests.cpp:73
dEQP-VK.pipeline.monolithic.blend.format.r4g4b4a4_unorm_pack16.states.color_1mcc_1mcc_rsub_alpha_z_sa_rsub-color_ca_o_max_alpha_z_1mca_sub-color_1mcc_ca_add_alpha_cc_1mdc_rsub-color_dc_dc_rsub_alpha_o_1mcc_sub	Pass	Result image matches reference
dEQP-VK.pipeline.monolithic.blend.format.r4g4b4a4_unorm_pack16.states.color_1msa_dc_rsub_alpha_1mdc_1mcc_sub-color_sc_cc_min_alpha_sa_1mcc_max-color_z_cc_rsub_alpha_da_1msa_max-color_1msc_1msc_add_alpha_1mca_sc_add	Pass	Result image matches reference
dEQP-VK.pipeline.monolithic.blend.format.r4g4b4a4_unorm_pack16.states.color_dc_1mdc_max_alpha_1mcc_1msc_max-color_1msa_cc_add_alpha_da_z_min-color_sas_dc_max_alpha_z_sc_min-color_da_ca_rsub_alpha_z_z_add	Pass	Result image matches reference
dEQP-VK.pipeline.monolithic.blend.format.r4g4b4a4_unorm_pack16.states.color_sas_sa_min_alpha_ca_1mda_max-color_1mdc_dc_add_alpha_1mda_sas_rsub-color_sas_1mca_max_alpha_1mca_1mcc_min-color_o_1msa_rsub_alpha_dc_da_min	Pass	Result image matches reference
dEQP-VK.pipeline.monolithic.blend.format.r5g5b5a1_unorm_pack16.states.color_1mcc_1mcc_rsub_alpha_z_sa_rsub-color_ca_o_max_alpha_z_1mca_sub-color_1mcc_ca_add_alpha_cc_1mdc_rsub-color_dc_dc_rsub_alpha_o_1mcc_sub	NotSupported	VK_FORMAT_R5G5B5A1_UNORM_PACK16 does not support blending at vktPipelineBlendTests.cpp:73
dEQP-VK.pipeline.monolithic.blend.format.r5g5b5a1_unorm_pack16.states.color_1msa_dc_rsub_alpha_1mdc_1mcc_sub-color_sc_cc_min_alpha_sa_1mcc_max-color_z_cc_rsub_alpha_da_1msa_max-color_1msc_1msc_add_alpha_1mca_sc_add	NotSupported	VK_FORMAT_R5G5B5A1_UNORM_PACK16 does not support blending at vktPipelineBlendTests.cpp:73
dEQP-VK.pipeline.monolithic.blend.format.r5g5b5a1_unorm_pack16.states.color_dc_1mdc_max_alpha_1mcc_1msc_max-color_1msa_cc_add_alpha_da_z_min-color_sas_dc_max_alpha_z_sc_min-color_da_ca_rsub_alpha_z_z_add	NotSupported	VK_FORMAT_R5G5B5A1_UNORM_PACK16 does not support blending at vktPipelineBlendTests.cpp:73
dEQP-VK.pipeline.monolithic.blend.format.r5g5b5a1_unorm_pack16.states.color_sas_sa_min_alpha_ca_1mda_max-color_1mdc_dc_add_alpha_1mda_sas_rsub-color_sas_1mca_max_alpha_1mca_1mcc_min-color_o_1msa_rsub_alpha_dc_da_min	NotSupported	VK_FORMAT_R5G5B5A1_UNORM_PACK16 does not support blending at vktPipelineBlendTests.cpp:73
dEQP-VK.pipeline.monolithic.blend.format.r5g6b5_unorm_pack16.states.color_1mcc_1mcc_rsub_alpha_z_sa_rsub-color_ca_o_max_alpha_z_1mca_sub-color_1mcc_ca_add_alpha_cc_1mdc_rsub-color_dc_dc_rsub_alpha_o_1mcc_sub	Pass	Result image matches reference
dEQP-VK.pipeline.monolithic.blend.format.r5g6b5_unorm_pack16.states.color_1msa_dc_rsub_alpha_1mdc_1mcc_sub-color_sc_cc_min_alpha_sa_1mcc_max-color_z_cc_rsub_alpha_da_1msa_max-color_1msc_1msc_add_alpha_1mca_sc_add	Pass	Result image matches reference
dEQP-VK.pipeline.monolithic.blend.format.r5g6b5_unorm_pack16.states.color_dc_1mdc_max_alpha_1mcc_1msc_max-color_1msa_cc_add_alpha_da_z_min-color_sas_dc_max_alpha_z_sc_min-color_da_ca_rsub_alpha_z_z_add	Pass	Result image matches reference
dEQP-VK.pipeline.monolithic.blend.format.r5g6b5_unorm_pack16.states.color_sas_sa_min_alpha_ca_1mda_max-color_1mdc_dc_add_alpha_1mda_sas_rsub-color_sas_1mca_max_alpha_1mca_1mcc_min-color_o_1msa_rsub_alpha_dc_da_min	Pass	Result image matches reference
dEQP-VK.pipeline.monolithic.blend.format.r8_snorm.states.color_1mcc_1mcc_rsub_alpha_z_sa_rsub-color_ca_o_max_alpha_z_1mca_sub-color_1mcc_ca_add_alpha_cc_1mdc_rsub-color_dc_dc_rsub_alpha_o_1mcc_sub	Pass	Result image matches reference
dEQP-VK.pipeline.monolithic.blend.format.r8_snorm.states.color_1msa_dc_rsub_alpha_1mdc_1mcc_sub-color_sc_cc_min_alpha_sa_1mcc_max-color_z_cc_rsub_alpha_da_1msa_max-color_1msc_1msc_add_alpha_1mca_sc_add	Pass	Result image matches reference
dEQP-VK.pipeline.monolithic.blend.format.r8_snorm.states.color_dc_1mdc_max_alpha_1mcc_1msc_max-color_1msa_cc_add_alpha_da_z_min-color_sas_dc_max_alpha_z_sc_min-color_da_ca_rsub_alpha_z_z_add	Pass	Result image matches reference
dEQP-VK.pipeline.monolithic.blend.format.r8_snorm.states.color_sas_sa_min_alpha_ca_1mda_max-color_1mdc_dc_add_alpha_1mda_sas_rsub-color_sas_1mca_max_alpha_1mca_1mcc_min-color_o_1msa_rsub_alpha_dc_da_min	Pass	Result image matches reference
dEQP-VK.pipeline.monolithic.blend.format.r8_srgb.states.color_1mcc_1mcc_rsub_alpha_z_sa_rsub-color_ca_o_max_alpha_z_1mca_sub-color_1mcc_ca_add_alpha_cc_1mdc_rsub-color_dc_dc_rsub_alpha_o_1mcc_sub	Pass	Result image matches reference
dEQP-VK.pipeline.monolithic.blend.format.r8_srgb.states.color_1msa_dc_rsub_alpha_1mdc_1mcc_sub-color_sc_cc_min_alpha_sa_1mcc_max-color_z_cc_rsub_alpha_da_1msa_max-color_1msc_1msc_add_alpha_1mca_sc_add	Pass	Result image matches reference
dEQP-VK.pipeline.monolithic.blend.format.r8_srgb.states.color_dc_1mdc_max_alpha_1mcc_1msc_max-color_1msa_cc_add_alpha_da_z_min-color_sas_dc_max_alpha_z_sc_min-color_da_ca_rsub_alpha_z_z_add	Pass	Result image matches reference
dEQP-VK.pipeline.monolithic.blend.format.r8_srgb.states.color_sas_sa_min_alpha_ca_1mda_max-color_1mdc_dc_add_alpha_1mda_sas_rsub-color_sas_1mca_max_alpha_1mca_1mcc_min-color_o_1msa_rsub_alpha_dc_da_min	Pass	Result image matches reference
dEQP-VK.pipeline.monolithic.blend.format.r8_unorm.states.color_1mcc_1mcc_rsub_alpha_z_sa_rsub-color_ca_o_max_alpha_z_1mca_sub-color_1mcc_ca_add_alpha_cc_1mdc_rsub-color_dc_dc_rsub_alpha_o_1mcc_sub	Pass	Result image matches reference
dEQP-VK.pipeline.monolithic.blend.format.r8_unorm.states.color_1msa_dc_rsub_alpha_1mdc_1mcc_sub-color_sc_cc_min_alpha_sa_1mcc_max-color_z_cc_rsub_alpha_da_1msa_max-color_1msc_1msc_add_alpha_1mca_sc_add	Pass	Result image matches reference
dEQP-VK.pipeline.monolithic.blend.format.r8_unorm.states.color_dc_1mdc_max_alpha_1mcc_1msc_max-color_1msa_cc_add_alpha_da_z_min-color_sas_dc_max_alpha_z_sc_min-color_da_ca_rsub_alpha_z_z_add	Pass	Result image matches reference
dEQP-VK.pipeline.monolithic.blend.format.r8_unorm.states.color_sas_sa_min_alpha_ca_1mda_max-color_1mdc_dc_add_alpha_1mda_sas_rsub-color_sas_1mca_max_alpha_1mca_1mcc_min-color_o_1msa_rsub_alpha_dc_da_min	Pass	Result image matches reference
dEQP-VK.pipeline.monolithic.blend.format.r8g8_snorm.states.color_1mcc_1mcc_rsub_alpha_z_sa_rsub-color_ca_o_max_alpha_z_1mca_sub-color_1mcc_ca_add_alpha_cc_1mdc_rsub-color_dc_dc_rsub_alpha_o_1mcc_sub	Pass	Result image matches reference
dEQP-VK.pipeline.monolithic.blend.format.r8g8_snorm.states.color_1msa_dc_rsub_alpha_1mdc_1mcc_sub-color_sc_cc_min_alpha_sa_1mcc_max-color_z_cc_rsub_alpha_da_1msa_max-color_1msc_1msc_add_alpha_1mca_sc_add	Pass	Result image matches reference
dEQP-VK.pipeline.monolithic.blend.format.r8g8_snorm.states.color_dc_1mdc_max_alpha_1mcc_1msc_max-color_1msa_cc_add_alpha_da_z_min-color_sas_dc_max_alpha_z_sc_min-color_da_ca_rsub_alpha_z_z_add	Pass	Result image matches reference
dEQP-VK.pipeline.monolithic.blend.format.r8g8_snorm.states.color_sas_sa_min_alpha_ca_1mda_max-color_1mdc_dc_add_alpha_1mda_sas_rsub-color_sas_1mca_max_alpha_1mca_1mcc_min-color_o_1msa_rsub_alpha_dc_da_min	Pass	Result image matches reference
dEQP-VK.pipeline.monolithic.blend.format.r8g8_srgb.states.color_1mcc_1mcc_rsub_alpha_z_sa_rsub-color_ca_o_max_alpha_z_1mca_sub-color_1mcc_ca_add_alpha_cc_1mdc_rsub-color_dc_dc_rsub_alpha_o_1mcc_sub	Pass	Result image matches reference
dEQP-VK.pipeline.monolithic.blend.format.r8g8_srgb.states.color_1msa_dc_rsub_alpha_1mdc_1mcc_sub-color_sc_cc_min_alpha_sa_1mcc_max-color_z_cc_rsub_alpha_da_1msa_max-color_1msc_1msc_add_alpha_1mca_sc_add	Pass	Result image matches reference
dEQP-VK.pipeline.monolithic.blend.format.r8g8_srgb.states.color_dc_1mdc_max_alpha_1mcc_1msc_max-color_1msa_cc_add_alpha_da_z_min-color_sas_dc_max_alpha_z_sc_min-color_da_ca_rsub_alpha_z_z_add	Pass	Result image matches reference
dEQP-VK.pipeline.monolithic.blend.format.r8g8_srgb.states.color_sas_sa_min_alpha_ca_1mda_max-color_1mdc_dc_add_alpha_1mda_sas_rsub-color_sas_1mca_max_alpha_1mca_1mcc_min-color_o_1msa_rsub_alpha_dc_da_min	Pass	Result image matches reference
dEQP-VK.pipeline.monolithic.blend.format.r8g8_unorm.states.color_1mcc_1mcc_rsub_alpha_z_sa_rsub-color_ca_o_max_alpha_z_1mca_sub-color_1mcc_ca_add_alpha_cc_1mdc_rsub-color_dc_dc_rsub_alpha_o_1mcc_sub	Pass	Result image matches reference
dEQP-VK.pipeline.monolithic.blend.format.r8g8_unorm.states.color_1msa_dc_rsub_alpha_1mdc_1mcc_sub-color_sc_cc_min_alpha_sa_1mcc_max-color_z_cc_rsub_alpha_da_1msa_max-color_1msc_1msc_add_alpha_1mca_sc_add	Pass	Result image matches reference
dEQP-VK.pipeline.monolithic.blend.format.r8g8_unorm.states.color_dc_1mdc_max_alpha_1mcc_1msc_max-color_1msa_cc_add_alpha_da_z_min-color_sas_dc_max_alpha_z_sc_min-color_da_ca_rsub_alpha_z_z_add	Pass	Result image matches reference
dEQP-VK.pipeline.monolithic.blend.format.r8g8_unorm.states.color_sas_sa_min_alpha_ca_1mda_max-color_1mdc_dc_add_alpha_1mda_sas_rsub-color_sas_1mca_max_alpha_1mca_1mcc_min-color_o_1msa_rsub_alpha_dc_da_min	Pass	Result image matches reference
dEQP-VK.pipeline.monolithic.blend.format.r8g8b8_snorm.states.color_1mcc_1mcc_rsub_alpha_z_sa_rsub-color_ca_o_max_alpha_z_1mca_sub-color_1mcc_ca_add_alpha_cc_1mdc_rsub-color_dc_dc_rsub_alpha_o_1mcc_sub	Pass	Result image matches reference
dEQP-VK.pipeline.monolithic.blend.format.r8g8b8_snorm.states.color_1msa_dc_rsub_alpha_1mdc_1mcc_sub-color_sc_cc_min_alpha_sa_1mcc_max-color_z_cc_rsub_alpha_da_1msa_max-color_1msc_1msc_add_alpha_1mca_sc_add	Pass	Result image matches reference
dEQP-VK.pipeline.monolithic.blend.format.r8g8b8_snorm.states.color_dc_1mdc_max_alpha_1mcc_1msc_max-color_1msa_cc_add_alpha_da_z_min-color_sas_dc_max_alpha_z_sc_min-color_da_ca_rsub_alpha_z_z_add	Pass	Result image matches reference
dEQP-VK.pipeline.monolithic.blend.format.r8g8b8_snorm.states.color_sas_sa_min_alpha_ca_1mda_max-color_1mdc_dc_add_alpha_1mda_sas_rsub-color_sas_1mca_max_alpha_1mca_1mcc_min-color_o_1msa_rsub_alpha_dc_da_min	Pass	Result image matches reference
dEQP-VK.pipeline.monolithic.blend.format.r8g8b8_srgb.states.color_1mcc_1mcc_rsub_alpha_z_sa_rsub-color_ca_o_max_alpha_z_1mca_sub-color_1mcc_ca_add_alpha_cc_1mdc_rsub-color_dc_dc_rsub_alpha_o_1mcc_sub	Pass	Result image matches reference
dEQP-VK.pipeline.monolithic.blend.format.r8g8b8_srgb.states.color_1msa_dc_rsub_alpha_1mdc_1mcc_sub-color_sc_cc_min_alpha_sa_1mcc_max-color_z_cc_rsub_alpha_da_1msa_max-color_1msc_1msc_add_alpha_1mca_sc_add	Pass	Result image matches reference
dEQP-VK.pipeline.monolithic.blend.format.r8g8b8_srgb.states.color_dc_1mdc_max_alpha_1mcc_1msc_max-color_1msa_cc_add_alpha_da_z_min-color_sas_dc_max_alpha_z_sc_min-color_da_ca_rsub_alpha_z_z_add	Pass	Result image matches reference
dEQP-VK.pipeline.monolithic.blend.format.r8g8b8_srgb.states.color_sas_sa_min_alpha_ca_1mda_max-color_1mdc_dc_add_alpha_1mda_sas_rsub-color_sas_1mca_max_alpha_1mca_1mcc_min-color_o_1msa_rsub_alpha_dc_da_min	Pass	Result image matches reference
dEQP-VK.pipeline.monolithic.blend.format.r8g8b8_unorm.states.color_1mcc_1mcc_rsub_alpha_z_sa_rsub-color_ca_o_max_alpha_z_1mca_sub-color_1mcc_ca_add_alpha_cc_1mdc_rsub-color_dc_dc_rsub_alpha_o_1mcc_sub	Pass	Result image matches reference
dEQP-VK.pipeline.monolithic.blend.format.r8g8b8_unorm.states.color_1msa_dc_rsub_alpha_1mdc_1mcc_sub-color_sc_cc_min_alpha_sa_1mcc_max-color_z_cc_rsub_alpha_da_1msa_max-color_1msc_1msc_add_alpha_1mca_sc_add	Pass	Result image matches reference
dEQP-VK.pipeline.monolithic.blend.format.r8g8b8_unorm.states.color_dc_1mdc_max_alpha_1mcc_1msc_max-color_1msa_cc_add_alpha_da_z_min-color_sas_dc_max_alpha_z_sc_min-color_da_ca_rsub_alpha_z_z_add	Pass	Result image matches reference
dEQP-VK.pipeline.monolithic.blend.format.r8g8b8_unorm.states.color_sas_sa_min_alpha_ca_1mda_max-color_1mdc_dc_add_alpha_1mda_sas_rsub-color_sas_1mca_max_alpha_1mca_1mcc_min-color_o_1msa_rsub_alpha_dc_da_min	Pass	Result image matches reference
dEQP-VK.pipeline.monolithic.blend.format.r8g8b8a8_snorm.states.color_1mcc_1mcc_rsub_alpha_z_sa_rsub-color_ca_o_max_alpha_z_1mca_sub-color_1mcc_ca_add_alpha_cc_1mdc_rsub-color_dc_dc_rsub_alpha_o_1mcc_sub	Pass	Result image matches reference
dEQP-VK.pipeline.monolithic.blend.format.r8g8b8a8_snorm.states.color_1msa_dc_rsub_alpha_1mdc_1mcc_sub-color_sc_cc_min_alpha_sa_1mcc_max-color_z_cc_rsub_alpha_da_1msa_max-color_1msc_1msc_add_alpha_1mca_sc_add	Pass	Result image matches reference
dEQP-VK.pipeline.monolithic.blend.format.r8g8b8a8_snorm.states.color_dc_1mdc_max_alpha_1mcc_1msc_max-color_1msa_cc_add_alpha_da_z_min-color_sas_dc_max_alpha_z_sc_min-color_da_ca_rsub_alpha_z_z_add	Pass	Result image matches reference
dEQP-VK.pipeline.monolithic.blend.format.r8g8b8a8_snorm.states.color_sas_sa_min_alpha_ca_1mda_max-color_1mdc_dc_add_alpha_1mda_sas_rsub-color_sas_1mca_max_alpha_1mca_1mcc_min-color_o_1msa_rsub_alpha_dc_da_min	Pass	Result image matches reference
dEQP-VK.pipeline.monolithic.blend.format.r8g8b8a8_srgb.states.color_1mcc_1mcc_rsub_alpha_z_sa_rsub-color_ca_o_max_alpha_z_1mca_sub-color_1mcc_ca_add_alpha_cc_1mdc_rsub-color_dc_dc_rsub_alpha_o_1mcc_sub	Pass	Result image matches reference
dEQP-VK.pipeline.monolithic.blend.format.r8g8b8a8_srgb.states.color_1msa_dc_rsub_alpha_1mdc_1mcc_sub-color_sc_cc_min_alpha_sa_1mcc_max-color_z_cc_rsub_alpha_da_1msa_max-color_1msc_1msc_add_alpha_1mca_sc_add	Pass	Result image matches reference
dEQP-VK.pipeline.monolithic.blend.format.r8g8b8a8_srgb.states.color_dc_1mdc_max_alpha_1mcc_1msc_max-color_1msa_cc_add_alpha_da_z_min-color_sas_dc_max_alpha_z_sc_min-color_da_ca_rsub_alpha_z_z_add	Pass	Result image matches reference
dEQP-VK.pipeline.monolithic.blend.format.r8g8b8a8_srgb.states.color_sas_sa_min_alpha_ca_1mda_max-color_1mdc_dc_add_alpha_1mda_sas_rsub-color_sas_1mca_max_alpha_1mca_1mcc_min-color_o_1msa_rsub_alpha_dc_da_min	Pass	Result image matches reference
