dEQP-VK.pipeline.monolithic.multisample_shader_builtin.image_write_sample.16_samples	NotSupported	Using multisample images as storage is not supported at vktPipelineMultisampleShaderBuiltInTests.cpp:1310
dEQP-VK.pipeline.monolithic.multisample_shader_builtin.image_write_sample.2_samples	NotSupported	Using multisample images as storage is not supported at vktPipelineMultisampleShaderBuiltInTests.cpp:1310
dEQP-VK.pipeline.monolithic.multisample_shader_builtin.image_write_sample.4_samples	NotSupported	Using multisample images as storage is not supported at vktPipelineMultisampleShaderBuiltInTests.cpp:1310
dEQP-VK.pipeline.monolithic.multisample_shader_builtin.image_write_sample.8_samples	NotSupported	Using multisample images as storage is not supported at vktPipelineMultisampleShaderBuiltInTests.cpp:1310
dEQP-VK.pipeline.monolithic.multisample_shader_builtin.sample_id.128_128_1.samples_16	Fail	gl_SampleID does not have correct value
dEQP-VK.pipeline.monolithic.multisample_shader_builtin.sample_id.128_128_1.samples_2	NotSupported	Samples count of 2 not supported for image at vktPipelineMultisampleBase.cpp:157
dEQP-VK.pipeline.monolithic.multisample_shader_builtin.sample_id.128_128_1.samples_32	NotSupported	Samples count of 32 not supported for image at vktPipelineMultisampleBase.cpp:157
dEQP-VK.pipeline.monolithic.multisample_shader_builtin.sample_id.128_128_1.samples_4	Fail	gl_SampleID does not have correct value
dEQP-VK.pipeline.monolithic.multisample_shader_builtin.sample_id.128_128_1.samples_64	NotSupported	Samples count of 64 not supported for image at vktPipelineMultisampleBase.cpp:157
dEQP-VK.pipeline.monolithic.multisample_shader_builtin.sample_id.128_128_1.samples_8	Fail	gl_SampleID does not have correct value
dEQP-VK.pipeline.monolithic.multisample_shader_builtin.sample_id.137_191_1.samples_16	Fail	gl_SampleID does not have correct value
dEQP-VK.pipeline.monolithic.multisample_shader_builtin.sample_id.137_191_1.samples_2	NotSupported	Samples count of 2 not supported for image at vktPipelineMultisampleBase.cpp:157
dEQP-VK.pipeline.monolithic.multisample_shader_builtin.sample_id.137_191_1.samples_32	NotSupported	Samples count of 32 not supported for image at vktPipelineMultisampleBase.cpp:157
dEQP-VK.pipeline.monolithic.multisample_shader_builtin.sample_id.137_191_1.samples_4	Fail	gl_SampleID does not have correct value
dEQP-VK.pipeline.monolithic.multisample_shader_builtin.sample_id.137_191_1.samples_64	NotSupported	Samples count of 64 not supported for image at vktPipelineMultisampleBase.cpp:157
dEQP-VK.pipeline.monolithic.multisample_shader_builtin.sample_id.137_191_1.samples_8	Fail	gl_SampleID does not have correct value
dEQP-VK.pipeline.monolithic.multisample_shader_builtin.sample_mask.bit_count.128_128_1.samples_16	Fail	gl_SampleMaskIn has an illegal number of bits for some shader invocations
dEQP-VK.pipeline.monolithic.multisample_shader_builtin.sample_mask.bit_count.128_128_1.samples_2	NotSupported	Samples count of 2 not supported for image at vktPipelineMultisampleBase.cpp:157
dEQP-VK.pipeline.monolithic.multisample_shader_builtin.sample_mask.bit_count.128_128_1.samples_32	NotSupported	Samples count of 32 not supported for image at vktPipelineMultisampleBase.cpp:157
dEQP-VK.pipeline.monolithic.multisample_shader_builtin.sample_mask.bit_count.128_128_1.samples_4	Fail	gl_SampleMaskIn has an illegal number of bits for some shader invocations
dEQP-VK.pipeline.monolithic.multisample_shader_builtin.sample_mask.bit_count.128_128_1.samples_8	Fail	gl_SampleMaskIn has an illegal number of bits for some shader invocations
dEQP-VK.pipeline.monolithic.multisample_shader_builtin.sample_mask.bit_count.137_191_1.samples_16	Fail	gl_SampleMaskIn has an illegal number of bits for some shader invocations
dEQP-VK.pipeline.monolithic.multisample_shader_builtin.sample_mask.bit_count.137_191_1.samples_2	NotSupported	Samples count of 2 not supported for image at vktPipelineMultisampleBase.cpp:157
dEQP-VK.pipeline.monolithic.multisample_shader_builtin.sample_mask.bit_count.137_191_1.samples_32	NotSupported	Samples count of 32 not supported for image at vktPipelineMultisampleBase.cpp:157
dEQP-VK.pipeline.monolithic.multisample_shader_builtin.sample_mask.bit_count.137_191_1.samples_4	Fail	gl_SampleMaskIn has an illegal number of bits for some shader invocations
dEQP-VK.pipeline.monolithic.multisample_shader_builtin.sample_mask.bit_count.137_191_1.samples_8	Fail	gl_SampleMaskIn has an illegal number of bits for some shader invocations
dEQP-VK.pipeline.monolithic.multisample_shader_builtin.sample_mask.bit_count_0_5.128_128_1.samples_16	Fail	gl_SampleMaskIn has an illegal number of bits for some shader invocations
dEQP-VK.pipeline.monolithic.multisample_shader_builtin.sample_mask.bit_count_0_5.128_128_1.samples_2	NotSupported	Samples count of 2 not supported for image at vktPipelineMultisampleBase.cpp:157
dEQP-VK.pipeline.monolithic.multisample_shader_builtin.sample_mask.bit_count_0_5.128_128_1.samples_32	NotSupported	Samples count of 32 not supported for image at vktPipelineMultisampleBase.cpp:157
dEQP-VK.pipeline.monolithic.multisample_shader_builtin.sample_mask.bit_count_0_5.128_128_1.samples_4	Fail	gl_SampleMaskIn has an illegal number of bits for some shader invocations
dEQP-VK.pipeline.monolithic.multisample_shader_builtin.sample_mask.bit_count_0_5.128_128_1.samples_8	Fail	gl_SampleMaskIn has an illegal number of bits for some shader invocations
dEQP-VK.pipeline.monolithic.multisample_shader_builtin.sample_mask.bit_count_0_5.137_191_1.samples_16	Fail	gl_SampleMaskIn has an illegal number of bits for some shader invocations
dEQP-VK.pipeline.monolithic.multisample_shader_builtin.sample_mask.bit_count_0_5.137_191_1.samples_2	NotSupported	Samples count of 2 not supported for image at vktPipelineMultisampleBase.cpp:157
dEQP-VK.pipeline.monolithic.multisample_shader_builtin.sample_mask.bit_count_0_5.137_191_1.samples_32	NotSupported	Samples count of 32 not supported for image at vktPipelineMultisampleBase.cpp:157
dEQP-VK.pipeline.monolithic.multisample_shader_builtin.sample_mask.bit_count_0_5.137_191_1.samples_4	Fail	gl_SampleMaskIn has an illegal number of bits for some shader invocations
dEQP-VK.pipeline.monolithic.multisample_shader_builtin.sample_mask.bit_count_0_5.137_191_1.samples_8	Fail	gl_SampleMaskIn has an illegal number of bits for some shader invocations
dEQP-VK.pipeline.monolithic.multisample_shader_builtin.sample_mask.correct_bit.128_128_1.samples_16	Fail	The bit corresponsing to current gl_SampleID is not set in gl_SampleMaskIn
dEQP-VK.pipeline.monolithic.multisample_shader_builtin.sample_mask.correct_bit.128_128_1.samples_2	NotSupported	Samples count of 2 not supported for image at vktPipelineMultisampleBase.cpp:157
dEQP-VK.pipeline.monolithic.multisample_shader_builtin.sample_mask.correct_bit.128_128_1.samples_32	NotSupported	Samples count of 32 not supported for image at vktPipelineMultisampleBase.cpp:157
dEQP-VK.pipeline.monolithic.multisample_shader_builtin.sample_mask.correct_bit.128_128_1.samples_4	Fail	The bit corresponsing to current gl_SampleID is not set in gl_SampleMaskIn
dEQP-VK.pipeline.monolithic.multisample_shader_builtin.sample_mask.correct_bit.128_128_1.samples_8	Fail	The bit corresponsing to current gl_SampleID is not set in gl_SampleMaskIn
dEQP-VK.pipeline.monolithic.multisample_shader_builtin.sample_mask.correct_bit.137_191_1.samples_16	Fail	The bit corresponsing to current gl_SampleID is not set in gl_SampleMaskIn
dEQP-VK.pipeline.monolithic.multisample_shader_builtin.sample_mask.correct_bit.137_191_1.samples_2	NotSupported	Samples count of 2 not supported for image at vktPipelineMultisampleBase.cpp:157
dEQP-VK.pipeline.monolithic.multisample_shader_builtin.sample_mask.correct_bit.137_191_1.samples_32	NotSupported	Samples count of 32 not supported for image at vktPipelineMultisampleBase.cpp:157
dEQP-VK.pipeline.monolithic.multisample_shader_builtin.sample_mask.correct_bit.137_191_1.samples_4	Fail	The bit corresponsing to current gl_SampleID is not set in gl_SampleMaskIn
dEQP-VK.pipeline.monolithic.multisample_shader_builtin.sample_mask.correct_bit.137_191_1.samples_8	Fail	The bit corresponsing to current gl_SampleID is not set in gl_SampleMaskIn
dEQP-VK.pipeline.monolithic.multisample_shader_builtin.sample_mask.pattern.128_128_1.samples_16	Pass	Passed
dEQP-VK.pipeline.monolithic.multisample_shader_builtin.sample_mask.pattern.128_128_1.samples_2	NotSupported	Samples count of 2 not supported for image at vktPipelineMultisampleBase.cpp:157
dEQP-VK.pipeline.monolithic.multisample_shader_builtin.sample_mask.pattern.128_128_1.samples_32	NotSupported	Samples count of 32 not supported for image at vktPipelineMultisampleBase.cpp:157
dEQP-VK.pipeline.monolithic.multisample_shader_builtin.sample_mask.pattern.128_128_1.samples_4	Pass	Passed
dEQP-VK.pipeline.monolithic.multisample_shader_builtin.sample_mask.pattern.128_128_1.samples_8	Pass	Passed
dEQP-VK.pipeline.monolithic.multisample_shader_builtin.sample_mask.pattern.137_191_1.samples_16	Pass	Passed
dEQP-VK.pipeline.monolithic.multisample_shader_builtin.sample_mask.pattern.137_191_1.samples_2	NotSupported	Samples count of 2 not supported for image at vktPipelineMultisampleBase.cpp:157
dEQP-VK.pipeline.monolithic.multisample_shader_builtin.sample_mask.pattern.137_191_1.samples_32	NotSupported	Samples count of 32 not supported for image at vktPipelineMultisampleBase.cpp:157
dEQP-VK.pipeline.monolithic.multisample_shader_builtin.sample_mask.pattern.137_191_1.samples_4	Pass	Passed
dEQP-VK.pipeline.monolithic.multisample_shader_builtin.sample_mask.pattern.137_191_1.samples_8	Pass	Passed
dEQP-VK.pipeline.monolithic.multisample_shader_builtin.sample_mask.write.128_128_1.samples_16	Pass	Passed
dEQP-VK.pipeline.monolithic.multisample_shader_builtin.sample_mask.write.128_128_1.samples_2	NotSupported	Samples count of 2 not supported for image at vktPipelineMultisampleBase.cpp:157
dEQP-VK.pipeline.monolithic.multisample_shader_builtin.sample_mask.write.128_128_1.samples_32	NotSupported	Samples count of 32 not supported for image at vktPipelineMultisampleBase.cpp:157
dEQP-VK.pipeline.monolithic.multisample_shader_builtin.sample_mask.write.128_128_1.samples_4	Pass	Passed
dEQP-VK.pipeline.monolithic.multisample_shader_builtin.sample_mask.write.128_128_1.samples_8	Pass	Passed
dEQP-VK.pipeline.monolithic.multisample_shader_builtin.sample_mask.write.137_191_1.samples_16	Pass	Passed
dEQP-VK.pipeline.monolithic.multisample_shader_builtin.sample_mask.write.137_191_1.samples_2	NotSupported	Samples count of 2 not supported for image at vktPipelineMultisampleBase.cpp:157
dEQP-VK.pipeline.monolithic.multisample_shader_builtin.sample_mask.write.137_191_1.samples_32	NotSupported	Samples count of 32 not supported for image at vktPipelineMultisampleBase.cpp:157
dEQP-VK.pipeline.monolithic.multisample_shader_builtin.sample_mask.write.137_191_1.samples_4	Pass	Passed
dEQP-VK.pipeline.monolithic.multisample_shader_builtin.sample_mask.write.137_191_1.samples_8	Pass	Passed
dEQP-VK.pipeline.monolithic.multisample_shader_builtin.sample_position.correctness.128_128_1.samples_16	Pass	Passed
dEQP-VK.pipeline.monolithic.multisample_shader_builtin.sample_position.correctness.128_128_1.samples_2	NotSupported	Samples count of 2 not supported for image at vktPipelineMultisampleBase.cpp:157
dEQP-VK.pipeline.monolithic.multisample_shader_builtin.sample_position.correctness.128_128_1.samples_32	NotSupported	Samples count of 32 not supported for image at vktPipelineMultisampleBase.cpp:157
dEQP-VK.pipeline.monolithic.multisample_shader_builtin.sample_position.correctness.128_128_1.samples_4	Fail	Varying values are not sampled at gl_SamplePosition
dEQP-VK.pipeline.monolithic.multisample_shader_builtin.sample_position.correctness.128_128_1.samples_64	NotSupported	Samples count of 64 not supported for image at vktPipelineMultisampleBase.cpp:157
dEQP-VK.pipeline.monolithic.multisample_shader_builtin.sample_position.correctness.128_128_1.samples_8	Fail	Varying values are not sampled at gl_SamplePosition
dEQP-VK.pipeline.monolithic.multisample_shader_builtin.sample_position.correctness.137_191_1.samples_16	Pass	Passed
dEQP-VK.pipeline.monolithic.multisample_shader_builtin.sample_position.correctness.137_191_1.samples_2	NotSupported	Samples count of 2 not supported for image at vktPipelineMultisampleBase.cpp:157
dEQP-VK.pipeline.monolithic.multisample_shader_builtin.sample_position.correctness.137_191_1.samples_32	NotSupported	Samples count of 32 not supported for image at vktPipelineMultisampleBase.cpp:157
dEQP-VK.pipeline.monolithic.multisample_shader_builtin.sample_position.correctness.137_191_1.samples_4	Fail	Varying values are not sampled at gl_SamplePosition
dEQP-VK.pipeline.monolithic.multisample_shader_builtin.sample_position.correctness.137_191_1.samples_64	NotSupported	Samples count of 64 not supported for image at vktPipelineMultisampleBase.cpp:157
dEQP-VK.pipeline.monolithic.multisample_shader_builtin.sample_position.correctness.137_191_1.samples_8	Fail	Varying values are not sampled at gl_SamplePosition
dEQP-VK.pipeline.monolithic.multisample_shader_builtin.sample_position.distribution.128_128_1.samples_16	Fail	Two samples have the same position
dEQP-VK.pipeline.monolithic.multisample_shader_builtin.sample_position.distribution.128_128_1.samples_2	NotSupported	Samples count of 2 not supported for image at vktPipelineMultisampleBase.cpp:157
dEQP-VK.pipeline.monolithic.multisample_shader_builtin.sample_position.distribution.128_128_1.samples_32	NotSupported	Samples count of 32 not supported for image at vktPipelineMultisampleBase.cpp:157
dEQP-VK.pipeline.monolithic.multisample_shader_builtin.sample_position.distribution.128_128_1.samples_4	Fail	Sample positions are not uniformly distributed within the pixel
dEQP-VK.pipeline.monolithic.multisample_shader_builtin.sample_position.distribution.128_128_1.samples_64	NotSupported	Samples count of 64 not supported for image at vktPipelineMultisampleBase.cpp:157
dEQP-VK.pipeline.monolithic.multisample_shader_builtin.sample_position.distribution.128_128_1.samples_8	Fail	Two samples have the same position
dEQP-VK.pipeline.monolithic.multisample_shader_builtin.sample_position.distribution.137_191_1.samples_16	Fail	Two samples have the same position
dEQP-VK.pipeline.monolithic.multisample_shader_builtin.sample_position.distribution.137_191_1.samples_2	NotSupported	Samples count of 2 not supported for image at vktPipelineMultisampleBase.cpp:157
dEQP-VK.pipeline.monolithic.multisample_shader_builtin.sample_position.distribution.137_191_1.samples_32	NotSupported	Samples count of 32 not supported for image at vktPipelineMultisampleBase.cpp:157
dEQP-VK.pipeline.monolithic.multisample_shader_builtin.sample_position.distribution.137_191_1.samples_4	Fail	Sample positions are not uniformly distributed within the pixel
dEQP-VK.pipeline.monolithic.multisample_shader_builtin.sample_position.distribution.137_191_1.samples_64	NotSupported	Samples count of 64 not supported for image at vktPipelineMultisampleBase.cpp:157
dEQP-VK.pipeline.monolithic.multisample_shader_builtin.sample_position.distribution.137_191_1.samples_8	Fail	Two samples have the same position
dEQP-VK.pipeline.monolithic.multisample_shader_builtin.write_sample_mask.16_samples	Fail	Read 0 while expecting 1 in buffer position 8193 (x=0, y=2, sample=1)
dEQP-VK.pipeline.monolithic.multisample_shader_builtin.write_sample_mask.1_samples	Pass	Pass
dEQP-VK.pipeline.monolithic.multisample_shader_builtin.write_sample_mask.2_samples	NotSupported	Format does not support the required sample count at vktPipelineMultisampleShaderBuiltInTests.cpp:1705
dEQP-VK.pipeline.monolithic.multisample_shader_builtin.write_sample_mask.4_samples	Fail	Read 1 while expecting 0 in buffer position 1 (x=0, y=0, sample=1)
dEQP-VK.pipeline.monolithic.multisample_shader_builtin.write_sample_mask.8_samples	Fail	Found garbage value 266240 in buffer position 1 (x=0, y=0, sample=1)
