dEQP-VK.pipeline.monolithic.multisample.misc.basic.r8g8b8a8_unorm_r16g16b16a16_sfloat_r16g16b16a16_sint_d16_unorm.16x.ds_resolve_max.sub_framebuffer.default	NotSupported	framebufferColorSampleCounts: sample count not supported at vktPipelineMultisampledRenderToSingleSampledTests.cpp:990
dEQP-VK.pipeline.monolithic.multisample.misc.basic.r8g8b8a8_unorm_r16g16b16a16_sfloat_r16g16b16a16_sint_d16_unorm.16x.ds_resolve_max.whole_framebuffer.default	NotSupported	framebufferColorSampleCounts: sample count not supported at vktPipelineMultisampledRenderToSingleSampledTests.cpp:990
dEQP-VK.pipeline.monolithic.multisample.misc.basic.r8g8b8a8_unorm_r16g16b16a16_sfloat_r16g16b16a16_sint_d16_unorm.16x.ds_resolve_sample_zero.sub_framebuffer.default	NotSupported	framebufferColorSampleCounts: sample count not supported at vktPipelineMultisampledRenderToSingleSampledTests.cpp:990
dEQP-VK.pipeline.monolithic.multisample.misc.basic.r8g8b8a8_unorm_r16g16b16a16_sfloat_r16g16b16a16_sint_d16_unorm.16x.ds_resolve_sample_zero.whole_framebuffer.default	NotSupported	framebufferColorSampleCounts: sample count not supported at vktPipelineMultisampledRenderToSingleSampledTests.cpp:990
dEQP-VK.pipeline.monolithic.multisample.misc.basic.r8g8b8a8_unorm_r16g16b16a16_sfloat_r16g16b16a16_sint_d16_unorm.2x.ds_resolve_max.sub_framebuffer.default	NotSupported	VK_FORMAT_R8G8B8A8_UNORM: sample count not supported at vktPipelineMultisampledRenderToSingleSampledTests.cpp:1023
dEQP-VK.pipeline.monolithic.multisample.misc.basic.r8g8b8a8_unorm_r16g16b16a16_sfloat_r16g16b16a16_sint_d16_unorm.2x.ds_resolve_max.whole_framebuffer.default	NotSupported	VK_FORMAT_R8G8B8A8_UNORM: sample count not supported at vktPipelineMultisampledRenderToSingleSampledTests.cpp:1023
dEQP-VK.pipeline.monolithic.multisample.misc.basic.r8g8b8a8_unorm_r16g16b16a16_sfloat_r16g16b16a16_sint_d16_unorm.2x.ds_resolve_sample_zero.sub_framebuffer.default	NotSupported	VK_FORMAT_R8G8B8A8_UNORM: sample count not supported at vktPipelineMultisampledRenderToSingleSampledTests.cpp:1023
dEQP-VK.pipeline.monolithic.multisample.misc.basic.r8g8b8a8_unorm_r16g16b16a16_sfloat_r16g16b16a16_sint_d16_unorm.2x.ds_resolve_sample_zero.whole_framebuffer.default	NotSupported	VK_FORMAT_R8G8B8A8_UNORM: sample count not supported at vktPipelineMultisampledRenderToSingleSampledTests.cpp:1023
dEQP-VK.pipeline.monolithic.multisample.misc.basic.r8g8b8a8_unorm_r16g16b16a16_sfloat_r16g16b16a16_sint_d16_unorm.4x.ds_resolve_max.sub_framebuffer.default	Pass	Pass
dEQP-VK.pipeline.monolithic.multisample.misc.basic.r8g8b8a8_unorm_r16g16b16a16_sfloat_r16g16b16a16_sint_d16_unorm.4x.ds_resolve_max.whole_framebuffer.default	Pass	Pass
dEQP-VK.pipeline.monolithic.multisample.misc.basic.r8g8b8a8_unorm_r16g16b16a16_sfloat_r16g16b16a16_sint_d16_unorm.4x.ds_resolve_sample_zero.sub_framebuffer.default	Pass	Pass
dEQP-VK.pipeline.monolithic.multisample.misc.basic.r8g8b8a8_unorm_r16g16b16a16_sfloat_r16g16b16a16_sint_d16_unorm.4x.ds_resolve_sample_zero.whole_framebuffer.default	Pass	Pass
dEQP-VK.pipeline.monolithic.multisample.misc.basic.r8g8b8a8_unorm_r16g16b16a16_sfloat_r16g16b16a16_sint_d16_unorm.8x.ds_resolve_max.sub_framebuffer.default	Pass	Pass
dEQP-VK.pipeline.monolithic.multisample.misc.basic.r8g8b8a8_unorm_r16g16b16a16_sfloat_r16g16b16a16_sint_d16_unorm.8x.ds_resolve_max.whole_framebuffer.default	Pass	Pass
dEQP-VK.pipeline.monolithic.multisample.misc.basic.r8g8b8a8_unorm_r16g16b16a16_sfloat_r16g16b16a16_sint_d16_unorm.8x.ds_resolve_sample_zero.sub_framebuffer.default	Pass	Pass
dEQP-VK.pipeline.monolithic.multisample.misc.basic.r8g8b8a8_unorm_r16g16b16a16_sfloat_r16g16b16a16_sint_d16_unorm.8x.ds_resolve_sample_zero.whole_framebuffer.default	Pass	Pass
