dEQP-VK.pipeline.monolithic.multisample_interpolation.centroid_interpolation_consistency.all_components.128_128_1.samples_16	Pass	Passed
dEQP-VK.pipeline.monolithic.multisample_interpolation.centroid_interpolation_consistency.all_components.128_128_1.samples_32	NotSupported	Samples count of 32 not supported for image at vktPipelineMultisampleBase.cpp:157
dEQP-VK.pipeline.monolithic.multisample_interpolation.centroid_interpolation_consistency.all_components.128_128_1.samples_64	NotSupported	Samples count of 64 not supported for image at vktPipelineMultisampleBase.cpp:157
dEQP-VK.pipeline.monolithic.multisample_interpolation.centroid_interpolation_consistency.all_components.137_191_1.samples_16	Pass	Passed
dEQP-VK.pipeline.monolithic.multisample_interpolation.centroid_interpolation_consistency.all_components.137_191_1.samples_32	NotSupported	Samples count of 32 not supported for image at vktPipelineMultisampleBase.cpp:157
dEQP-VK.pipeline.monolithic.multisample_interpolation.centroid_interpolation_consistency.all_components.137_191_1.samples_64	NotSupported	Samples count of 64 not supported for image at vktPipelineMultisampleBase.cpp:157
dEQP-VK.pipeline.monolithic.multisample_interpolation.centroid_interpolation_consistency.component_0.128_128_1.samples_16	Pass	Passed
dEQP-VK.pipeline.monolithic.multisample_interpolation.centroid_interpolation_consistency.component_0.128_128_1.samples_32	NotSupported	Samples count of 32 not supported for image at vktPipelineMultisampleBase.cpp:157
dEQP-VK.pipeline.monolithic.multisample_interpolation.centroid_interpolation_consistency.component_0.128_128_1.samples_64	NotSupported	Samples count of 64 not supported for image at vktPipelineMultisampleBase.cpp:157
dEQP-VK.pipeline.monolithic.multisample_interpolation.centroid_interpolation_consistency.component_0.137_191_1.samples_16	Pass	Passed
dEQP-VK.pipeline.monolithic.multisample_interpolation.centroid_interpolation_consistency.component_0.137_191_1.samples_32	NotSupported	Samples count of 32 not supported for image at vktPipelineMultisampleBase.cpp:157
dEQP-VK.pipeline.monolithic.multisample_interpolation.centroid_interpolation_consistency.component_0.137_191_1.samples_64	NotSupported	Samples count of 64 not supported for image at vktPipelineMultisampleBase.cpp:157
dEQP-VK.pipeline.monolithic.multisample_interpolation.centroid_interpolation_consistency.component_1.128_128_1.samples_16	Pass	Passed
dEQP-VK.pipeline.monolithic.multisample_interpolation.centroid_interpolation_consistency.component_1.128_128_1.samples_32	NotSupported	Samples count of 32 not supported for image at vktPipelineMultisampleBase.cpp:157
dEQP-VK.pipeline.monolithic.multisample_interpolation.centroid_interpolation_consistency.component_1.128_128_1.samples_64	NotSupported	Samples count of 64 not supported for image at vktPipelineMultisampleBase.cpp:157
dEQP-VK.pipeline.monolithic.multisample_interpolation.centroid_interpolation_consistency.component_1.137_191_1.samples_16	Pass	Passed
dEQP-VK.pipeline.monolithic.multisample_interpolation.centroid_interpolation_consistency.component_1.137_191_1.samples_32	NotSupported	Samples count of 32 not supported for image at vktPipelineMultisampleBase.cpp:157
dEQP-VK.pipeline.monolithic.multisample_interpolation.centroid_interpolation_consistency.component_1.137_191_1.samples_64	NotSupported	Samples count of 64 not supported for image at vktPipelineMultisampleBase.cpp:157
dEQP-VK.pipeline.monolithic.multisample_interpolation.centroid_interpolation_consistency.pushc_component_0.128_128_1.samples_16	Pass	Passed
dEQP-VK.pipeline.monolithic.multisample_interpolation.centroid_interpolation_consistency.pushc_component_0.128_128_1.samples_32	NotSupported	Samples count of 32 not supported for image at vktPipelineMultisampleBase.cpp:157
dEQP-VK.pipeline.monolithic.multisample_interpolation.centroid_interpolation_consistency.pushc_component_0.128_128_1.samples_64	NotSupported	Samples count of 64 not supported for image at vktPipelineMultisampleBase.cpp:157
dEQP-VK.pipeline.monolithic.multisample_interpolation.centroid_interpolation_consistency.pushc_component_0.137_191_1.samples_16	Pass	Passed
dEQP-VK.pipeline.monolithic.multisample_interpolation.centroid_interpolation_consistency.pushc_component_0.137_191_1.samples_32	NotSupported	Samples count of 32 not supported for image at vktPipelineMultisampleBase.cpp:157
dEQP-VK.pipeline.monolithic.multisample_interpolation.centroid_interpolation_consistency.pushc_component_0.137_191_1.samples_64	NotSupported	Samples count of 64 not supported for image at vktPipelineMultisampleBase.cpp:157
dEQP-VK.pipeline.monolithic.multisample_interpolation.centroid_interpolation_consistency.pushc_component_1.128_128_1.samples_16	Pass	Passed
dEQP-VK.pipeline.monolithic.multisample_interpolation.centroid_interpolation_consistency.pushc_component_1.128_128_1.samples_32	NotSupported	Samples count of 32 not supported for image at vktPipelineMultisampleBase.cpp:157
dEQP-VK.pipeline.monolithic.multisample_interpolation.centroid_interpolation_consistency.pushc_component_1.128_128_1.samples_64	NotSupported	Samples count of 64 not supported for image at vktPipelineMultisampleBase.cpp:157
dEQP-VK.pipeline.monolithic.multisample_interpolation.centroid_interpolation_consistency.pushc_component_1.137_191_1.samples_16	Pass	Passed
dEQP-VK.pipeline.monolithic.multisample_interpolation.centroid_interpolation_consistency.pushc_component_1.137_191_1.samples_32	NotSupported	Samples count of 32 not supported for image at vktPipelineMultisampleBase.cpp:157
dEQP-VK.pipeline.monolithic.multisample_interpolation.centroid_interpolation_consistency.pushc_component_1.137_191_1.samples_64	NotSupported	Samples count of 64 not supported for image at vktPipelineMultisampleBase.cpp:157
dEQP-VK.pipeline.monolithic.multisample_interpolation.centroid_qualifier_inside_primitive.128_128_1.samples_16	Pass	Passed
dEQP-VK.pipeline.monolithic.multisample_interpolation.centroid_qualifier_inside_primitive.128_128_1.samples_32	NotSupported	Samples count of 32 not supported for image at vktPipelineMultisampleBase.cpp:157
dEQP-VK.pipeline.monolithic.multisample_interpolation.centroid_qualifier_inside_primitive.128_128_1.samples_64	NotSupported	Samples count of 64 not supported for image at vktPipelineMultisampleBase.cpp:157
dEQP-VK.pipeline.monolithic.multisample_interpolation.centroid_qualifier_inside_primitive.137_191_1.samples_16	Pass	Passed
dEQP-VK.pipeline.monolithic.multisample_interpolation.centroid_qualifier_inside_primitive.137_191_1.samples_32	NotSupported	Samples count of 32 not supported for image at vktPipelineMultisampleBase.cpp:157
dEQP-VK.pipeline.monolithic.multisample_interpolation.centroid_qualifier_inside_primitive.137_191_1.samples_64	NotSupported	Samples count of 64 not supported for image at vktPipelineMultisampleBase.cpp:157
dEQP-VK.pipeline.monolithic.multisample_interpolation.nonuniform_interpolant_indexing.centroid	Pass	Pass
dEQP-VK.pipeline.monolithic.multisample_interpolation.nonuniform_interpolant_indexing.sample	Pass	Pass
dEQP-VK.pipeline.monolithic.multisample_interpolation.offset_interpolate_at_pixel_center.128_128_1.samples_2	NotSupported	Samples count of 2 not supported for image at vktPipelineMultisampleBase.cpp:157
dEQP-VK.pipeline.monolithic.multisample_interpolation.offset_interpolate_at_pixel_center.128_128_1.samples_4	Pass	Passed
dEQP-VK.pipeline.monolithic.multisample_interpolation.offset_interpolate_at_pixel_center.128_128_1.samples_8	Pass	Passed
dEQP-VK.pipeline.monolithic.multisample_interpolation.offset_interpolate_at_pixel_center.137_191_1.samples_2	NotSupported	Samples count of 2 not supported for image at vktPipelineMultisampleBase.cpp:157
dEQP-VK.pipeline.monolithic.multisample_interpolation.offset_interpolate_at_pixel_center.137_191_1.samples_4	Pass	Passed
dEQP-VK.pipeline.monolithic.multisample_interpolation.offset_interpolate_at_pixel_center.137_191_1.samples_8	Pass	Passed
dEQP-VK.pipeline.monolithic.multisample_interpolation.offset_interpolation_at_sample_position.all_components.128_128_1.samples_2	NotSupported	Samples count of 2 not supported for image at vktPipelineMultisampleBase.cpp:157
dEQP-VK.pipeline.monolithic.multisample_interpolation.offset_interpolation_at_sample_position.all_components.128_128_1.samples_4	Fail	Failed
dEQP-VK.pipeline.monolithic.multisample_interpolation.offset_interpolation_at_sample_position.all_components.128_128_1.samples_8	Fail	Failed
dEQP-VK.pipeline.monolithic.multisample_interpolation.offset_interpolation_at_sample_position.all_components.137_191_1.samples_2	NotSupported	Samples count of 2 not supported for image at vktPipelineMultisampleBase.cpp:157
dEQP-VK.pipeline.monolithic.multisample_interpolation.offset_interpolation_at_sample_position.all_components.137_191_1.samples_4	Fail	Failed
dEQP-VK.pipeline.monolithic.multisample_interpolation.offset_interpolation_at_sample_position.all_components.137_191_1.samples_8	Fail	Failed
dEQP-VK.pipeline.monolithic.multisample_interpolation.offset_interpolation_at_sample_position.component_0.128_128_1.samples_2	NotSupported	Samples count of 2 not supported for image at vktPipelineMultisampleBase.cpp:157
dEQP-VK.pipeline.monolithic.multisample_interpolation.offset_interpolation_at_sample_position.component_0.128_128_1.samples_4	Pass	Passed
dEQP-VK.pipeline.monolithic.multisample_interpolation.offset_interpolation_at_sample_position.component_0.128_128_1.samples_8	Pass	Passed
dEQP-VK.pipeline.monolithic.multisample_interpolation.offset_interpolation_at_sample_position.component_0.137_191_1.samples_2	NotSupported	Samples count of 2 not supported for image at vktPipelineMultisampleBase.cpp:157
dEQP-VK.pipeline.monolithic.multisample_interpolation.offset_interpolation_at_sample_position.component_0.137_191_1.samples_4	Pass	Passed
dEQP-VK.pipeline.monolithic.multisample_interpolation.offset_interpolation_at_sample_position.component_0.137_191_1.samples_8	Pass	Passed
dEQP-VK.pipeline.monolithic.multisample_interpolation.offset_interpolation_at_sample_position.component_1.128_128_1.samples_2	NotSupported	Samples count of 2 not supported for image at vktPipelineMultisampleBase.cpp:157
dEQP-VK.pipeline.monolithic.multisample_interpolation.offset_interpolation_at_sample_position.component_1.128_128_1.samples_4	Fail	Failed
dEQP-VK.pipeline.monolithic.multisample_interpolation.offset_interpolation_at_sample_position.component_1.128_128_1.samples_8	Fail	Failed
dEQP-VK.pipeline.monolithic.multisample_interpolation.offset_interpolation_at_sample_position.component_1.137_191_1.samples_2	NotSupported	Samples count of 2 not supported for image at vktPipelineMultisampleBase.cpp:157
dEQP-VK.pipeline.monolithic.multisample_interpolation.offset_interpolation_at_sample_position.component_1.137_191_1.samples_4	Fail	Failed
dEQP-VK.pipeline.monolithic.multisample_interpolation.offset_interpolation_at_sample_position.component_1.137_191_1.samples_8	Fail	Failed
dEQP-VK.pipeline.monolithic.multisample_interpolation.offset_interpolation_at_sample_position.pushc_component_0.128_128_1.samples_2	NotSupported	Samples count of 2 not supported for image at vktPipelineMultisampleBase.cpp:157
dEQP-VK.pipeline.monolithic.multisample_interpolation.offset_interpolation_at_sample_position.pushc_component_0.128_128_1.samples_4	Pass	Passed
dEQP-VK.pipeline.monolithic.multisample_interpolation.offset_interpolation_at_sample_position.pushc_component_0.128_128_1.samples_8	Pass	Passed
dEQP-VK.pipeline.monolithic.multisample_interpolation.offset_interpolation_at_sample_position.pushc_component_0.137_191_1.samples_2	NotSupported	Samples count of 2 not supported for image at vktPipelineMultisampleBase.cpp:157
dEQP-VK.pipeline.monolithic.multisample_interpolation.offset_interpolation_at_sample_position.pushc_component_0.137_191_1.samples_4	Pass	Passed
dEQP-VK.pipeline.monolithic.multisample_interpolation.offset_interpolation_at_sample_position.pushc_component_0.137_191_1.samples_8	Pass	Passed
dEQP-VK.pipeline.monolithic.multisample_interpolation.offset_interpolation_at_sample_position.pushc_component_1.128_128_1.samples_2	NotSupported	Samples count of 2 not supported for image at vktPipelineMultisampleBase.cpp:157
dEQP-VK.pipeline.monolithic.multisample_interpolation.offset_interpolation_at_sample_position.pushc_component_1.128_128_1.samples_4	Fail	Failed
dEQP-VK.pipeline.monolithic.multisample_interpolation.offset_interpolation_at_sample_position.pushc_component_1.128_128_1.samples_8	Fail	Failed
dEQP-VK.pipeline.monolithic.multisample_interpolation.offset_interpolation_at_sample_position.pushc_component_1.137_191_1.samples_2	NotSupported	Samples count of 2 not supported for image at vktPipelineMultisampleBase.cpp:157
dEQP-VK.pipeline.monolithic.multisample_interpolation.offset_interpolation_at_sample_position.pushc_component_1.137_191_1.samples_4	Fail	Failed
dEQP-VK.pipeline.monolithic.multisample_interpolation.offset_interpolation_at_sample_position.pushc_component_1.137_191_1.samples_8	Fail	Failed
dEQP-VK.pipeline.monolithic.multisample_interpolation.reinterpolation_consistency.interpolate_at_sample	Pass	Pass
dEQP-VK.pipeline.monolithic.multisample_interpolation.sample_interpolate_at_distinct_values.128_128_1.samples_2	NotSupported	Samples count of 2 not supported for image at vktPipelineMultisampleBase.cpp:157
dEQP-VK.pipeline.monolithic.multisample_interpolation.sample_interpolate_at_distinct_values.128_128_1.samples_4	Fail	Expected numSamples+1 different colors in the output image
dEQP-VK.pipeline.monolithic.multisample_interpolation.sample_interpolate_at_distinct_values.128_128_1.samples_8	Fail	Expected numSamples+1 different colors in the output image
dEQP-VK.pipeline.monolithic.multisample_interpolation.sample_interpolate_at_distinct_values.137_191_1.samples_2	NotSupported	Samples count of 2 not supported for image at vktPipelineMultisampleBase.cpp:157
dEQP-VK.pipeline.monolithic.multisample_interpolation.sample_interpolate_at_distinct_values.137_191_1.samples_4	Fail	Expected numSamples+1 different colors in the output image
dEQP-VK.pipeline.monolithic.multisample_interpolation.sample_interpolate_at_distinct_values.137_191_1.samples_8	Fail	Expected numSamples+1 different colors in the output image
dEQP-VK.pipeline.monolithic.multisample_interpolation.sample_interpolate_at_ignores_centroid.128_128_1.samples_2	NotSupported	Samples count of 2 not supported for image at vktPipelineMultisampleBase.cpp:157
dEQP-VK.pipeline.monolithic.multisample_interpolation.sample_interpolate_at_ignores_centroid.128_128_1.samples_4	Pass	Passed
dEQP-VK.pipeline.monolithic.multisample_interpolation.sample_interpolate_at_ignores_centroid.128_128_1.samples_8	Pass	Passed
dEQP-VK.pipeline.monolithic.multisample_interpolation.sample_interpolate_at_ignores_centroid.137_191_1.samples_2	NotSupported	Samples count of 2 not supported for image at vktPipelineMultisampleBase.cpp:157
dEQP-VK.pipeline.monolithic.multisample_interpolation.sample_interpolate_at_ignores_centroid.137_191_1.samples_4	Pass	Passed
dEQP-VK.pipeline.monolithic.multisample_interpolation.sample_interpolate_at_ignores_centroid.137_191_1.samples_8	Pass	Passed
dEQP-VK.pipeline.monolithic.multisample_interpolation.sample_interpolate_at_single_sample.137_191_1.samples_1	Pass	Passed
dEQP-VK.pipeline.monolithic.multisample_interpolation.sample_interpolation_consistency.all_components.128_128_1.samples_2	NotSupported	Samples count of 2 not supported for image at vktPipelineMultisampleBase.cpp:157
dEQP-VK.pipeline.monolithic.multisample_interpolation.sample_interpolation_consistency.all_components.128_128_1.samples_4	Fail	Failed
dEQP-VK.pipeline.monolithic.multisample_interpolation.sample_interpolation_consistency.all_components.128_128_1.samples_8	Fail	Failed
dEQP-VK.pipeline.monolithic.multisample_interpolation.sample_interpolation_consistency.all_components.137_191_1.samples_2	NotSupported	Samples count of 2 not supported for image at vktPipelineMultisampleBase.cpp:157
dEQP-VK.pipeline.monolithic.multisample_interpolation.sample_interpolation_consistency.all_components.137_191_1.samples_4	Fail	Failed
dEQP-VK.pipeline.monolithic.multisample_interpolation.sample_interpolation_consistency.all_components.137_191_1.samples_8	Fail	Failed
dEQP-VK.pipeline.monolithic.multisample_interpolation.sample_interpolation_consistency.component_0.128_128_1.samples_2	NotSupported	Samples count of 2 not supported for image at vktPipelineMultisampleBase.cpp:157
dEQP-VK.pipeline.monolithic.multisample_interpolation.sample_interpolation_consistency.component_0.128_128_1.samples_4	Pass	Passed
dEQP-VK.pipeline.monolithic.multisample_interpolation.sample_interpolation_consistency.component_0.128_128_1.samples_8	Pass	Passed
dEQP-VK.pipeline.monolithic.multisample_interpolation.sample_interpolation_consistency.component_0.137_191_1.samples_2	NotSupported	Samples count of 2 not supported for image at vktPipelineMultisampleBase.cpp:157
dEQP-VK.pipeline.monolithic.multisample_interpolation.sample_interpolation_consistency.component_0.137_191_1.samples_4	Pass	Passed
dEQP-VK.pipeline.monolithic.multisample_interpolation.sample_interpolation_consistency.component_0.137_191_1.samples_8	Pass	Passed
dEQP-VK.pipeline.monolithic.multisample_interpolation.sample_interpolation_consistency.component_1.128_128_1.samples_2	NotSupported	Samples count of 2 not supported for image at vktPipelineMultisampleBase.cpp:157
dEQP-VK.pipeline.monolithic.multisample_interpolation.sample_interpolation_consistency.component_1.128_128_1.samples_4	Fail	Failed
dEQP-VK.pipeline.monolithic.multisample_interpolation.sample_interpolation_consistency.component_1.128_128_1.samples_8	Fail	Failed
dEQP-VK.pipeline.monolithic.multisample_interpolation.sample_interpolation_consistency.component_1.137_191_1.samples_2	NotSupported	Samples count of 2 not supported for image at vktPipelineMultisampleBase.cpp:157
dEQP-VK.pipeline.monolithic.multisample_interpolation.sample_interpolation_consistency.component_1.137_191_1.samples_4	Fail	Failed
dEQP-VK.pipeline.monolithic.multisample_interpolation.sample_interpolation_consistency.component_1.137_191_1.samples_8	Fail	Failed
dEQP-VK.pipeline.monolithic.multisample_interpolation.sample_interpolation_consistency.pushc_component_0.128_128_1.samples_2	NotSupported	Samples count of 2 not supported for image at vktPipelineMultisampleBase.cpp:157
dEQP-VK.pipeline.monolithic.multisample_interpolation.sample_interpolation_consistency.pushc_component_0.128_128_1.samples_4	Pass	Passed
dEQP-VK.pipeline.monolithic.multisample_interpolation.sample_interpolation_consistency.pushc_component_0.128_128_1.samples_8	Pass	Passed
dEQP-VK.pipeline.monolithic.multisample_interpolation.sample_interpolation_consistency.pushc_component_0.137_191_1.samples_2	NotSupported	Samples count of 2 not supported for image at vktPipelineMultisampleBase.cpp:157
dEQP-VK.pipeline.monolithic.multisample_interpolation.sample_interpolation_consistency.pushc_component_0.137_191_1.samples_4	Pass	Passed
dEQP-VK.pipeline.monolithic.multisample_interpolation.sample_interpolation_consistency.pushc_component_0.137_191_1.samples_8	Pass	Passed
dEQP-VK.pipeline.monolithic.multisample_interpolation.sample_interpolation_consistency.pushc_component_1.128_128_1.samples_2	NotSupported	Samples count of 2 not supported for image at vktPipelineMultisampleBase.cpp:157
dEQP-VK.pipeline.monolithic.multisample_interpolation.sample_interpolation_consistency.pushc_component_1.128_128_1.samples_4	Fail	Failed
dEQP-VK.pipeline.monolithic.multisample_interpolation.sample_interpolation_consistency.pushc_component_1.128_128_1.samples_8	Fail	Failed
dEQP-VK.pipeline.monolithic.multisample_interpolation.sample_interpolation_consistency.pushc_component_1.137_191_1.samples_2	NotSupported	Samples count of 2 not supported for image at vktPipelineMultisampleBase.cpp:157
dEQP-VK.pipeline.monolithic.multisample_interpolation.sample_interpolation_consistency.pushc_component_1.137_191_1.samples_4	Fail	Failed
dEQP-VK.pipeline.monolithic.multisample_interpolation.sample_interpolation_consistency.pushc_component_1.137_191_1.samples_8	Fail	Failed
dEQP-VK.pipeline.monolithic.multisample_interpolation.sample_qualifier_distinct_values.128_128_1.samples_2	NotSupported	Samples count of 2 not supported for image at vktPipelineMultisampleBase.cpp:157
dEQP-VK.pipeline.monolithic.multisample_interpolation.sample_qualifier_distinct_values.128_128_1.samples_4	Fail	Expected numSamples+1 different colors in the output image
dEQP-VK.pipeline.monolithic.multisample_interpolation.sample_qualifier_distinct_values.128_128_1.samples_8	Fail	Expected numSamples+1 different colors in the output image
dEQP-VK.pipeline.monolithic.multisample_interpolation.sample_qualifier_distinct_values.137_191_1.samples_2	NotSupported	Samples count of 2 not supported for image at vktPipelineMultisampleBase.cpp:157
dEQP-VK.pipeline.monolithic.multisample_interpolation.sample_qualifier_distinct_values.137_191_1.samples_4	Fail	Expected numSamples+1 different colors in the output image
dEQP-VK.pipeline.monolithic.multisample_interpolation.sample_qualifier_distinct_values.137_191_1.samples_8	Fail	Expected numSamples+1 different colors in the output image
