dEQP-VK.pipeline.monolithic.blend.dual_source.format.a1r5g5b5_unorm_pack16.output_array.states.color_1mca_1mcc_max_alpha_1mca_ca_min-color_1mca_sa_rsub_alpha_1ms1a_dc_add-color_1mca_1mcc_min_alpha_1msa_1ms1c_add-color_s1a_da_max_alpha_dc_1msc_min	Pass	Result image matches reference
dEQP-VK.pipeline.monolithic.blend.dual_source.format.a1r5g5b5_unorm_pack16.output_array.states.color_1msc_1ms1c_sub_alpha_1mda_1mda_sub-color_1ms1c_ca_min_alpha_o_1ms1a_max-color_s1a_da_add_alpha_1ms1c_ca_max-color_sc_sa_add_alpha_z_o_add	Pass	Result image matches reference
dEQP-VK.pipeline.monolithic.blend.dual_source.format.a1r5g5b5_unorm_pack16.output_array.states.color_sa_1mdc_add_alpha_cc_s1c_sub-color_1msa_z_max_alpha_da_1mda_rsub-color_1msa_1msc_rsub_alpha_1mcc_o_min-color_s1c_cc_add_alpha_dc_da_add	Pass	Result image matches reference
dEQP-VK.pipeline.monolithic.blend.dual_source.format.a1r5g5b5_unorm_pack16.output_variable.states.color_1ms1a_1ms1a_sub_alpha_sc_1msa_rsub-color_sc_1mcc_add_alpha_1ms1a_s1c_rsub-color_1mdc_ca_rsub_alpha_1mda_s1c_rsub-color_1ms1c_1msc_min_alpha_o_sas_sub	Pass	Result image matches reference
dEQP-VK.pipeline.monolithic.blend.dual_source.format.a1r5g5b5_unorm_pack16.output_variable.states.color_dc_1msa_sub_alpha_1mca_da_rsub-color_z_cc_add_alpha_sa_dc_add-color_1ms1a_1ms1c_rsub_alpha_1mca_s1a_min-color_1mdc_z_min_alpha_sc_1mcc_rsub	Pass	Result image matches reference
dEQP-VK.pipeline.monolithic.blend.dual_source.format.a2b10g10r10_unorm_pack32.output_array.states.color_1mca_ca_max_alpha_sa_cc_add-color_o_cc_min_alpha_1mda_s1c_max-color_z_1msa_max_alpha_1mda_da_rsub-color_sc_1mca_add_alpha_sc_1mca_max	Pass	Result image matches reference
dEQP-VK.pipeline.monolithic.blend.dual_source.format.a2b10g10r10_unorm_pack32.output_array.states.color_ca_1ms1c_sub_alpha_1msa_1mca_sub-color_1msc_da_max_alpha_o_da_add-color_s1a_1ms1a_max_alpha_dc_1ms1c_sub-color_1ms1a_z_sub_alpha_1msa_1msc_max	Pass	Result image matches reference
dEQP-VK.pipeline.monolithic.blend.dual_source.format.a2b10g10r10_unorm_pack32.output_array.states.color_sas_1mdc_rsub_alpha_1ms1a_z_sub-color_1msc_sc_min_alpha_1ms1a_sc_sub-color_sas_z_max_alpha_1msc_da_min-color_s1a_dc_rsub_alpha_o_1mcc_min	Pass	Result image matches reference
dEQP-VK.pipeline.monolithic.blend.dual_source.format.a2b10g10r10_unorm_pack32.output_variable.states.color_1ms1a_s1a_rsub_alpha_sa_sas_max-color_z_1msa_min_alpha_sas_s1a_rsub-color_1mdc_1msa_rsub_alpha_sc_1ms1a_min-color_1mdc_sa_min_alpha_1mca_1mcc_min	Pass	Result image matches reference
dEQP-VK.pipeline.monolithic.blend.dual_source.format.a2b10g10r10_unorm_pack32.output_variable.states.color_o_ca_add_alpha_z_1msa_sub-color_z_1mcc_add_alpha_1mcc_1mca_sub-color_1msa_da_rsub_alpha_cc_1ms1c_add-color_cc_1mcc_sub_alpha_1mda_s1c_min	Pass	Result image matches reference
dEQP-VK.pipeline.monolithic.blend.dual_source.format.a2r10g10b10_unorm_pack32.output_array.states.color_1mcc_cc_rsub_alpha_1mdc_1ms1a_add-color_1msa_1msa_sub_alpha_1ms1c_ca_min-color_z_s1a_rsub_alpha_s1a_ca_sub-color_s1c_s1a_min_alpha_1mcc_1mdc_min	Pass	Result image matches reference
dEQP-VK.pipeline.monolithic.blend.dual_source.format.a2r10g10b10_unorm_pack32.output_array.states.color_ca_ca_rsub_alpha_1msa_s1a_rsub-color_dc_1ms1c_min_alpha_1ms1c_cc_rsub-color_ca_ca_add_alpha_s1a_sc_add-color_o_s1c_sub_alpha_z_1mda_sub	Pass	Result image matches reference
dEQP-VK.pipeline.monolithic.blend.dual_source.format.a2r10g10b10_unorm_pack32.output_array.states.color_sas_z_max_alpha_1mcc_1msc_min-color_1msa_1msc_min_alpha_ca_1ms1a_add-color_1mda_1msc_max_alpha_dc_1ms1a_rsub-color_s1a_s1a_add_alpha_s1a_z_max	Pass	Result image matches reference
dEQP-VK.pipeline.monolithic.blend.dual_source.format.a2r10g10b10_unorm_pack32.output_variable.states.color_1ms1c_o_rsub_alpha_o_sas_max-color_z_1msa_min_alpha_dc_sc_rsub-color_sc_1mda_add_alpha_s1c_cc_max-color_1ms1a_s1c_max_alpha_1mca_o_rsub	Pass	Result image matches reference
dEQP-VK.pipeline.monolithic.blend.dual_source.format.a2r10g10b10_unorm_pack32.output_variable.states.color_o_sa_max_alpha_da_ca_add-color_z_s1c_add_alpha_sc_sas_rsub-color_1mdc_cc_min_alpha_dc_ca_min-color_1ms1c_1msc_max_alpha_1msa_ca_min	Pass	Result image matches reference
dEQP-VK.pipeline.monolithic.blend.dual_source.format.a4b4g4r4_unorm_pack16.output_array.states.color_1mda_1mdc_sub_alpha_1ms1a_s1c_rsub-color_1mca_o_rsub_alpha_1mca_ca_min-color_ca_s1a_add_alpha_dc_s1c_sub-color_ca_1ms1c_min_alpha_sc_sc_add	Pass	Result image matches reference
dEQP-VK.pipeline.monolithic.blend.dual_source.format.a4b4g4r4_unorm_pack16.output_array.states.color_cc_1mdc_add_alpha_sc_1mda_add-color_sc_1mca_rsub_alpha_z_1mdc_max-color_sa_1mca_sub_alpha_sc_s1a_max-color_sas_1ms1a_min_alpha_da_s1c_sub	Pass	Result image matches reference
dEQP-VK.pipeline.monolithic.blend.dual_source.format.a4b4g4r4_unorm_pack16.output_array.states.color_sc_sc_add_alpha_cc_cc_add-color_s1c_ca_sub_alpha_1msa_1mda_max-color_da_1mdc_sub_alpha_1mdc_1mda_rsub-color_1msa_1msa_min_alpha_1mca_s1c_rsub	Pass	Result image matches reference
dEQP-VK.pipeline.monolithic.blend.dual_source.format.a4b4g4r4_unorm_pack16.output_variable.states.color_1ms1c_z_sub_alpha_1mdc_1ms1a_min-color_1mda_1mcc_max_alpha_1msc_o_max-color_1ms1c_1mcc_min_alpha_1mcc_s1a_max-color_1mcc_1ms1c_add_alpha_sa_1mca_min	Pass	Result image matches reference
dEQP-VK.pipeline.monolithic.blend.dual_source.format.a4b4g4r4_unorm_pack16.output_variable.states.color_s1a_sa_min_alpha_1msc_dc_min-color_1mdc_1mca_sub_alpha_1ms1a_1msc_max-color_sas_ca_max_alpha_s1c_sas_sub-color_1msc_sas_max_alpha_1mcc_da_add	Pass	Result image matches reference
dEQP-VK.pipeline.monolithic.blend.dual_source.format.a4r4g4b4_unorm_pack16.output_array.states.color_1mda_da_sub_alpha_sc_ca_add-color_1msa_z_min_alpha_1mca_1mcc_min-color_o_sa_add_alpha_1mda_dc_rsub-color_sc_1mcc_min_alpha_1ms1a_z_rsub	Pass	Result image matches reference
dEQP-VK.pipeline.monolithic.blend.dual_source.format.a4r4g4b4_unorm_pack16.output_array.states.color_cc_sa_sub_alpha_z_dc_rsub-color_1ms1a_1mdc_sub_alpha_1msc_1mdc_min-color_1mcc_ca_sub_alpha_ca_z_min-color_1mdc_s1a_min_alpha_s1a_1mdc_add	Pass	Result image matches reference
dEQP-VK.pipeline.monolithic.blend.dual_source.format.a4r4g4b4_unorm_pack16.output_array.states.color_z_sa_rsub_alpha_o_1ms1c_sub-color_s1c_s1c_min_alpha_sa_1ms1a_max-color_sa_cc_sub_alpha_sc_1mdc_min-color_o_1mca_add_alpha_da_ca_sub	Pass	Result image matches reference
dEQP-VK.pipeline.monolithic.blend.dual_source.format.a4r4g4b4_unorm_pack16.output_variable.states.color_1msa_1mdc_max_alpha_1ms1a_ca_max-color_1mda_cc_min_alpha_sas_dc_sub-color_1ms1c_sc_sub_alpha_z_dc_max-color_sc_dc_sub_alpha_s1a_o_min	Pass	Result image matches reference
dEQP-VK.pipeline.monolithic.blend.dual_source.format.a4r4g4b4_unorm_pack16.output_variable.states.color_s1c_s1c_max_alpha_1mdc_z_sub-color_sc_z_max_alpha_s1c_sas_sub-color_1msc_1msc_min_alpha_1ms1a_ca_min-color_1msc_1msc_add_alpha_ca_da_rsub	Pass	Result image matches reference
dEQP-VK.pipeline.monolithic.blend.dual_source.format.b10g11r11_ufloat_pack32.output_array.states.color_1mdc_1mda_rsub_alpha_1mca_1mcc_min-color_dc_o_rsub_alpha_sa_z_add-color_1msc_da_max_alpha_1mca_1mca_sub-color_sa_1ms1c_sub_alpha_1msa_sc_rsub	Pass	Result image matches reference
dEQP-VK.pipeline.monolithic.blend.dual_source.format.b10g11r11_ufloat_pack32.output_array.states.color_da_z_rsub_alpha_1ms1a_1ms1a_rsub-color_s1a_1msa_rsub_alpha_1mda_sc_add-color_cc_1mcc_min_alpha_sas_da_add-color_1mcc_1msc_sub_alpha_da_z_max	Pass	Result image matches reference
dEQP-VK.pipeline.monolithic.blend.dual_source.format.b10g11r11_ufloat_pack32.output_variable.states.color_1mca_1mdc_rsub_alpha_da_s1c_add-color_cc_ca_add_alpha_da_sas_max-color_z_1mcc_min_alpha_o_z_min-color_ca_s1a_add_alpha_1msc_1ms1a_sub	Pass	Result image matches reference
dEQP-VK.pipeline.monolithic.blend.dual_source.format.b10g11r11_ufloat_pack32.output_variable.states.color_1msc_sas_sub_alpha_1ms1a_1mda_add-color_sa_1mcc_min_alpha_cc_1mcc_sub-color_dc_1ms1c_sub_alpha_1mca_z_max-color_1msc_1msa_max_alpha_sc_s1a_min	Pass	Result image matches reference
dEQP-VK.pipeline.monolithic.blend.dual_source.format.b10g11r11_ufloat_pack32.output_variable.states.color_sa_cc_add_alpha_sc_sc_add-color_dc_da_max_alpha_dc_1ms1a_max-color_sa_1mca_sub_alpha_1mca_s1c_add-color_1msa_1msa_rsub_alpha_1mda_1mcc_add	Pass	Result image matches reference
dEQP-VK.pipeline.monolithic.blend.dual_source.format.b4g4r4a4_unorm_pack16.output_array.states.color_1ms1a_cc_rsub_alpha_1msc_1mcc_min-color_sc_1mdc_add_alpha_da_ca_min-color_1mcc_1mda_max_alpha_s1c_1ms1a_min-color_s1a_cc_sub_alpha_ca_1mda_max	Pass	Result image matches reference
dEQP-VK.pipeline.monolithic.blend.dual_source.format.b4g4r4a4_unorm_pack16.output_array.states.color_o_1mdc_rsub_alpha_1mca_1mcc_rsub-color_1mcc_1ms1c_add_alpha_1msa_s1c_rsub-color_1msa_1mda_max_alpha_1msc_sa_min-color_1ms1c_sc_max_alpha_1mca_cc_sub	Pass	Result image matches reference
dEQP-VK.pipeline.monolithic.blend.dual_source.format.b4g4r4a4_unorm_pack16.output_variable.states.color_1mca_da_min_alpha_s1c_1mda_sub-color_dc_1ms1a_add_alpha_ca_sas_min-color_da_1mca_rsub_alpha_da_ca_min-color_o_cc_rsub_alpha_1mca_sc_min	Pass	Result image matches reference
dEQP-VK.pipeline.monolithic.blend.dual_source.format.b4g4r4a4_unorm_pack16.output_variable.states.color_ca_1msa_add_alpha_dc_1ms1c_add-color_da_cc_rsub_alpha_1ms1c_1ms1a_max-color_sas_z_min_alpha_1mca_da_add-color_1msc_ca_min_alpha_1mdc_sc_rsub	Pass	Result image matches reference
dEQP-VK.pipeline.monolithic.blend.dual_source.format.b4g4r4a4_unorm_pack16.output_variable.states.color_sas_s1a_add_alpha_1mca_1mca_sub-color_1mdc_sc_max_alpha_1msa_s1a_rsub-color_1msa_1mdc_max_alpha_1mca_1mdc_max-color_s1a_ca_min_alpha_s1c_1msc_min	Pass	Result image matches reference
dEQP-VK.pipeline.monolithic.blend.dual_source.format.b5g5r5a1_unorm_pack16.output_array.states.color_1ms1c_ca_add_alpha_1msa_cc_max-color_s1a_z_sub_alpha_sa_sc_add-color_da_da_max_alpha_s1a_cc_rsub-color_da_1ms1a_max_alpha_da_o_max	NotSupported	VK_FORMAT_B5G5R5A1_UNORM_PACK16 does not support blending at vktPipelineBlendTests.cpp:73
dEQP-VK.pipeline.monolithic.blend.dual_source.format.b5g5r5a1_unorm_pack16.output_array.states.color_o_cc_min_alpha_da_sc_max-color_1mda_1ms1a_add_alpha_da_1mda_rsub-color_dc_1ms1a_rsub_alpha_da_1mcc_rsub-color_cc_dc_min_alpha_1msa_sas_rsub	NotSupported	VK_FORMAT_B5G5R5A1_UNORM_PACK16 does not support blending at vktPipelineBlendTests.cpp:73
dEQP-VK.pipeline.monolithic.blend.dual_source.format.b5g5r5a1_unorm_pack16.output_variable.states.color_1mcc_s1a_max_alpha_da_sc_add-color_dc_1mcc_sub_alpha_1ms1a_o_sub-color_1ms1c_da_sub_alpha_cc_da_max-color_1msa_1ms1a_max_alpha_ca_1ms1a_add	NotSupported	VK_FORMAT_B5G5R5A1_UNORM_PACK16 does not support blending at vktPipelineBlendTests.cpp:73
dEQP-VK.pipeline.monolithic.blend.dual_source.format.b5g5r5a1_unorm_pack16.output_variable.states.color_cc_1mcc_max_alpha_z_o_add-color_sa_1ms1a_max_alpha_1msa_dc_min-color_sc_cc_add_alpha_dc_1msa_sub-color_1ms1c_o_max_alpha_1ms1c_sc_add	NotSupported	VK_FORMAT_B5G5R5A1_UNORM_PACK16 does not support blending at vktPipelineBlendTests.cpp:73
dEQP-VK.pipeline.monolithic.blend.dual_source.format.b5g5r5a1_unorm_pack16.output_variable.states.color_sc_s1c_rsub_alpha_1msc_1ms1a_rsub-color_1ms1c_1msc_max_alpha_1mda_sc_sub-color_1msa_dc_min_alpha_1msa_1mca_add-color_da_1mcc_rsub_alpha_s1c_sa_min	NotSupported	VK_FORMAT_B5G5R5A1_UNORM_PACK16 does not support blending at vktPipelineBlendTests.cpp:73
dEQP-VK.pipeline.monolithic.blend.dual_source.format.r10x6g10x6b10x6a10x6_unorm_4pack16.output_array.states.color_1ms1c_sa_add_alpha_o_1ms1c_max-color_sa_s1c_add_alpha_1ms1a_s1a_max-color_sc_1mdc_add_alpha_1ms1c_1mdc_sub-color_da_sa_sub_alpha_1mcc_sc_min	NotSupported	VK_FORMAT_R10X6G10X6B10X6A10X6_UNORM_4PACK16 does not support blending at vktPipelineBlendTests.cpp:73
dEQP-VK.pipeline.monolithic.blend.dual_source.format.r10x6g10x6b10x6a10x6_unorm_4pack16.output_array.states.color_s1a_1mda_add_alpha_s1a_ca_add-color_1mca_z_max_alpha_dc_1mcc_max-color_sa_dc_max_alpha_s1c_o_sub-color_1mcc_1msc_rsub_alpha_da_1mcc_add	NotSupported	VK_FORMAT_R10X6G10X6B10X6A10X6_UNORM_4PACK16 does not support blending at vktPipelineBlendTests.cpp:73
dEQP-VK.pipeline.monolithic.blend.dual_source.format.r10x6g10x6b10x6a10x6_unorm_4pack16.output_variable.states.color_1mda_1ms1c_add_alpha_1mcc_1mca_max-color_sc_dc_sub_alpha_1msc_1ms1c_max-color_1ms1c_sa_max_alpha_da_s1c_add-color_1ms1c_dc_max_alpha_s1c_s1a_sub	NotSupported	VK_FORMAT_R10X6G10X6B10X6A10X6_UNORM_4PACK16 does not support blending at vktPipelineBlendTests.cpp:73
dEQP-VK.pipeline.monolithic.blend.dual_source.format.r10x6g10x6b10x6a10x6_unorm_4pack16.output_variable.states.color_cc_1msc_sub_alpha_z_1mcc_min-color_1msc_s1c_add_alpha_1mda_1mdc_sub-color_ca_sas_rsub_alpha_cc_s1c_max-color_s1c_s1c_rsub_alpha_da_1ms1a_rsub	NotSupported	VK_FORMAT_R10X6G10X6B10X6A10X6_UNORM_4PACK16 does not support blending at vktPipelineBlendTests.cpp:73
dEQP-VK.pipeline.monolithic.blend.dual_source.format.r10x6g10x6b10x6a10x6_unorm_4pack16.output_variable.states.color_z_1msa_rsub_alpha_1msc_z_add-color_s1a_s1c_min_alpha_1ms1a_dc_max-color_1ms1c_o_max_alpha_1mca_dc_rsub-color_sc_dc_min_alpha_sas_1ms1c_max	NotSupported	VK_FORMAT_R10X6G10X6B10X6A10X6_UNORM_4PACK16 does not support blending at vktPipelineBlendTests.cpp:73
dEQP-VK.pipeline.monolithic.blend.dual_source.format.r16_sfloat.output_array.states.color_1msa_1mca_add_alpha_dc_s1c_max-color_1msc_sc_sub_alpha_sa_s1a_rsub-color_o_1mcc_rsub_alpha_1mdc_s1a_rsub-color_ca_1mcc_sub_alpha_sas_1mca_max	Pass	Result image matches reference
dEQP-VK.pipeline.monolithic.blend.dual_source.format.r16_sfloat.output_array.states.color_s1c_1mda_add_alpha_cc_1mca_min-color_da_o_sub_alpha_da_1mda_max-color_z_1mcc_sub_alpha_sc_cc_sub-color_1mca_1ms1c_max_alpha_cc_dc_max	Pass	Result image matches reference
dEQP-VK.pipeline.monolithic.blend.dual_source.format.r16_sfloat.output_variable.states.color_1mda_sc_rsub_alpha_s1a_o_max-color_da_ca_add_alpha_z_1msc_add-color_1mca_1ms1c_add_alpha_o_1mda_max-color_1ms1c_1msc_rsub_alpha_dc_sas_sub	Pass	Result image matches reference
dEQP-VK.pipeline.monolithic.blend.dual_source.format.r16_sfloat.output_variable.states.color_da_ca_max_alpha_da_1mdc_rsub-color_sa_1msc_sub_alpha_sc_1mca_sub-color_s1c_s1a_add_alpha_s1a_dc_rsub-color_da_1mda_add_alpha_s1a_1msa_sub	Pass	Result image matches reference
dEQP-VK.pipeline.monolithic.blend.dual_source.format.r16_snorm.output_array.states.color_1mca_1mcc_max_alpha_1mca_ca_min-color_1mca_sa_rsub_alpha_1ms1a_dc_add-color_1mca_1mcc_min_alpha_1msa_1ms1c_add-color_s1a_da_max_alpha_dc_1msc_min	Pass	Result image matches reference
dEQP-VK.pipeline.monolithic.blend.dual_source.format.r16_snorm.output_array.states.color_1msc_1ms1c_sub_alpha_1mda_1mda_sub-color_1ms1c_ca_min_alpha_o_1ms1a_max-color_s1a_da_add_alpha_1ms1c_ca_max-color_sc_sa_add_alpha_z_o_add	Pass	Result image matches reference
dEQP-VK.pipeline.monolithic.blend.dual_source.format.r16_snorm.output_array.states.color_sa_1mdc_add_alpha_cc_s1c_sub-color_1msa_z_max_alpha_da_1mda_rsub-color_1msa_1msc_rsub_alpha_1mcc_o_min-color_s1c_cc_add_alpha_dc_da_add	Pass	Result image matches reference
dEQP-VK.pipeline.monolithic.blend.dual_source.format.r16_snorm.output_variable.states.color_1ms1a_1ms1a_sub_alpha_sc_1msa_rsub-color_sc_1mcc_add_alpha_1ms1a_s1c_rsub-color_1mdc_ca_rsub_alpha_1mda_s1c_rsub-color_1ms1c_1msc_min_alpha_o_sas_sub	Pass	Result image matches reference
dEQP-VK.pipeline.monolithic.blend.dual_source.format.r16_snorm.output_variable.states.color_dc_1msa_sub_alpha_1mca_da_rsub-color_z_cc_add_alpha_sa_dc_add-color_1ms1a_1ms1c_rsub_alpha_1mca_s1a_min-color_1mdc_z_min_alpha_sc_1mcc_rsub	Pass	Result image matches reference
dEQP-VK.pipeline.monolithic.blend.dual_source.format.r16_unorm.output_array.states.color_1mca_ca_max_alpha_sa_cc_add-color_o_cc_min_alpha_1mda_s1c_max-color_z_1msa_max_alpha_1mda_da_rsub-color_sc_1mca_add_alpha_sc_1mca_max	Pass	Result image matches reference
dEQP-VK.pipeline.monolithic.blend.dual_source.format.r16_unorm.output_array.states.color_ca_1ms1c_sub_alpha_1msa_1mca_sub-color_1msc_da_max_alpha_o_da_add-color_s1a_1ms1a_max_alpha_dc_1ms1c_sub-color_1ms1a_z_sub_alpha_1msa_1msc_max	Pass	Result image matches reference
dEQP-VK.pipeline.monolithic.blend.dual_source.format.r16_unorm.output_array.states.color_sas_1mdc_rsub_alpha_1ms1a_z_sub-color_1msc_sc_min_alpha_1ms1a_sc_sub-color_sas_z_max_alpha_1msc_da_min-color_s1a_dc_rsub_alpha_o_1mcc_min	Pass	Result image matches reference
dEQP-VK.pipeline.monolithic.blend.dual_source.format.r16_unorm.output_variable.states.color_1ms1a_s1a_rsub_alpha_sa_sas_max-color_z_1msa_min_alpha_sas_s1a_rsub-color_1mdc_1msa_rsub_alpha_sc_1ms1a_min-color_1mdc_sa_min_alpha_1mca_1mcc_min	Pass	Result image matches reference
dEQP-VK.pipeline.monolithic.blend.dual_source.format.r16_unorm.output_variable.states.color_o_ca_add_alpha_z_1msa_sub-color_z_1mcc_add_alpha_1mcc_1mca_sub-color_1msa_da_rsub_alpha_cc_1ms1c_add-color_cc_1mcc_sub_alpha_1mda_s1c_min	Pass	Result image matches reference
dEQP-VK.pipeline.monolithic.blend.dual_source.format.r16g16_sfloat.output_array.states.color_1mcc_cc_rsub_alpha_1mdc_1ms1a_add-color_1msa_1msa_sub_alpha_1ms1c_ca_min-color_z_s1a_rsub_alpha_s1a_ca_sub-color_s1c_s1a_min_alpha_1mcc_1mdc_min	Pass	Result image matches reference
dEQP-VK.pipeline.monolithic.blend.dual_source.format.r16g16_sfloat.output_array.states.color_ca_ca_rsub_alpha_1msa_s1a_rsub-color_dc_1ms1c_min_alpha_1ms1c_cc_rsub-color_ca_ca_add_alpha_s1a_sc_add-color_o_s1c_sub_alpha_z_1mda_sub	Pass	Result image matches reference
dEQP-VK.pipeline.monolithic.blend.dual_source.format.r16g16_sfloat.output_array.states.color_sas_z_max_alpha_1mcc_1msc_min-color_1msa_1msc_min_alpha_ca_1ms1a_add-color_1mda_1msc_max_alpha_dc_1ms1a_rsub-color_s1a_s1a_add_alpha_s1a_z_max	Pass	Result image matches reference
dEQP-VK.pipeline.monolithic.blend.dual_source.format.r16g16_sfloat.output_variable.states.color_1ms1c_o_rsub_alpha_o_sas_max-color_z_1msa_min_alpha_dc_sc_rsub-color_sc_1mda_add_alpha_s1c_cc_max-color_1ms1a_s1c_max_alpha_1mca_o_rsub	Pass	Result image matches reference
dEQP-VK.pipeline.monolithic.blend.dual_source.format.r16g16_sfloat.output_variable.states.color_o_sa_max_alpha_da_ca_add-color_z_s1c_add_alpha_sc_sas_rsub-color_1mdc_cc_min_alpha_dc_ca_min-color_1ms1c_1msc_max_alpha_1msa_ca_min	Pass	Result image matches reference
dEQP-VK.pipeline.monolithic.blend.dual_source.format.r16g16_snorm.output_array.states.color_1mda_1mdc_sub_alpha_1ms1a_s1c_rsub-color_1mca_o_rsub_alpha_1mca_ca_min-color_ca_s1a_add_alpha_dc_s1c_sub-color_ca_1ms1c_min_alpha_sc_sc_add	Pass	Result image matches reference
dEQP-VK.pipeline.monolithic.blend.dual_source.format.r16g16_snorm.output_array.states.color_cc_1mdc_add_alpha_sc_1mda_add-color_sc_1mca_rsub_alpha_z_1mdc_max-color_sa_1mca_sub_alpha_sc_s1a_max-color_sas_1ms1a_min_alpha_da_s1c_sub	Pass	Result image matches reference
dEQP-VK.pipeline.monolithic.blend.dual_source.format.r16g16_snorm.output_array.states.color_sc_sc_add_alpha_cc_cc_add-color_s1c_ca_sub_alpha_1msa_1mda_max-color_da_1mdc_sub_alpha_1mdc_1mda_rsub-color_1msa_1msa_min_alpha_1mca_s1c_rsub	Pass	Result image matches reference
dEQP-VK.pipeline.monolithic.blend.dual_source.format.r16g16_snorm.output_variable.states.color_1ms1c_z_sub_alpha_1mdc_1ms1a_min-color_1mda_1mcc_max_alpha_1msc_o_max-color_1ms1c_1mcc_min_alpha_1mcc_s1a_max-color_1mcc_1ms1c_add_alpha_sa_1mca_min	Pass	Result image matches reference
dEQP-VK.pipeline.monolithic.blend.dual_source.format.r16g16_snorm.output_variable.states.color_s1a_sa_min_alpha_1msc_dc_min-color_1mdc_1mca_sub_alpha_1ms1a_1msc_max-color_sas_ca_max_alpha_s1c_sas_sub-color_1msc_sas_max_alpha_1mcc_da_add	Pass	Result image matches reference
dEQP-VK.pipeline.monolithic.blend.dual_source.format.r16g16_unorm.output_array.states.color_1mda_da_sub_alpha_sc_ca_add-color_1msa_z_min_alpha_1mca_1mcc_min-color_o_sa_add_alpha_1mda_dc_rsub-color_sc_1mcc_min_alpha_1ms1a_z_rsub	Pass	Result image matches reference
dEQP-VK.pipeline.monolithic.blend.dual_source.format.r16g16_unorm.output_array.states.color_cc_sa_sub_alpha_z_dc_rsub-color_1ms1a_1mdc_sub_alpha_1msc_1mdc_min-color_1mcc_ca_sub_alpha_ca_z_min-color_1mdc_s1a_min_alpha_s1a_1mdc_add	Pass	Result image matches reference
dEQP-VK.pipeline.monolithic.blend.dual_source.format.r16g16_unorm.output_array.states.color_z_sa_rsub_alpha_o_1ms1c_sub-color_s1c_s1c_min_alpha_sa_1ms1a_max-color_sa_cc_sub_alpha_sc_1mdc_min-color_o_1mca_add_alpha_da_ca_sub	Pass	Result image matches reference
dEQP-VK.pipeline.monolithic.blend.dual_source.format.r16g16_unorm.output_variable.states.color_1msa_1mdc_max_alpha_1ms1a_ca_max-color_1mda_cc_min_alpha_sas_dc_sub-color_1ms1c_sc_sub_alpha_z_dc_max-color_sc_dc_sub_alpha_s1a_o_min	Pass	Result image matches reference
dEQP-VK.pipeline.monolithic.blend.dual_source.format.r16g16_unorm.output_variable.states.color_s1c_s1c_max_alpha_1mdc_z_sub-color_sc_z_max_alpha_s1c_sas_sub-color_1msc_1msc_min_alpha_1ms1a_ca_min-color_1msc_1msc_add_alpha_ca_da_rsub	Pass	Result image matches reference
dEQP-VK.pipeline.monolithic.blend.dual_source.format.r16g16b16_sfloat.output_array.states.color_1mdc_1mda_rsub_alpha_1mca_1mcc_min-color_dc_o_rsub_alpha_sa_z_add-color_1msc_da_max_alpha_1mca_1mca_sub-color_sa_1ms1c_sub_alpha_1msa_sc_rsub	NotSupported	VK_FORMAT_R16G16B16_SFLOAT does not support blending at vktPipelineBlendTests.cpp:73
dEQP-VK.pipeline.monolithic.blend.dual_source.format.r16g16b16_sfloat.output_array.states.color_da_z_rsub_alpha_1ms1a_1ms1a_rsub-color_s1a_1msa_rsub_alpha_1mda_sc_add-color_cc_1mcc_min_alpha_sas_da_add-color_1mcc_1msc_sub_alpha_da_z_max	NotSupported	VK_FORMAT_R16G16B16_SFLOAT does not support blending at vktPipelineBlendTests.cpp:73
dEQP-VK.pipeline.monolithic.blend.dual_source.format.r16g16b16_sfloat.output_variable.states.color_1mca_1mdc_rsub_alpha_da_s1c_add-color_cc_ca_add_alpha_da_sas_max-color_z_1mcc_min_alpha_o_z_min-color_ca_s1a_add_alpha_1msc_1ms1a_sub	NotSupported	VK_FORMAT_R16G16B16_SFLOAT does not support blending at vktPipelineBlendTests.cpp:73
dEQP-VK.pipeline.monolithic.blend.dual_source.format.r16g16b16_sfloat.output_variable.states.color_1msc_sas_sub_alpha_1ms1a_1mda_add-color_sa_1mcc_min_alpha_cc_1mcc_sub-color_dc_1ms1c_sub_alpha_1mca_z_max-color_1msc_1msa_max_alpha_sc_s1a_min	NotSupported	VK_FORMAT_R16G16B16_SFLOAT does not support blending at vktPipelineBlendTests.cpp:73
dEQP-VK.pipeline.monolithic.blend.dual_source.format.r16g16b16_sfloat.output_variable.states.color_sa_cc_add_alpha_sc_sc_add-color_dc_da_max_alpha_dc_1ms1a_max-color_sa_1mca_sub_alpha_1mca_s1c_add-color_1msa_1msa_rsub_alpha_1mda_1mcc_add	NotSupported	VK_FORMAT_R16G16B16_SFLOAT does not support blending at vktPipelineBlendTests.cpp:73
dEQP-VK.pipeline.monolithic.blend.dual_source.format.r16g16b16_snorm.output_array.states.color_1ms1a_cc_rsub_alpha_1msc_1mcc_min-color_sc_1mdc_add_alpha_da_ca_min-color_1mcc_1mda_max_alpha_s1c_1ms1a_min-color_s1a_cc_sub_alpha_ca_1mda_max	NotSupported	VK_FORMAT_R16G16B16_SNORM does not support blending at vktPipelineBlendTests.cpp:73
dEQP-VK.pipeline.monolithic.blend.dual_source.format.r16g16b16_snorm.output_array.states.color_o_1mdc_rsub_alpha_1mca_1mcc_rsub-color_1mcc_1ms1c_add_alpha_1msa_s1c_rsub-color_1msa_1mda_max_alpha_1msc_sa_min-color_1ms1c_sc_max_alpha_1mca_cc_sub	NotSupported	VK_FORMAT_R16G16B16_SNORM does not support blending at vktPipelineBlendTests.cpp:73
dEQP-VK.pipeline.monolithic.blend.dual_source.format.r16g16b16_snorm.output_variable.states.color_1mca_da_min_alpha_s1c_1mda_sub-color_dc_1ms1a_add_alpha_ca_sas_min-color_da_1mca_rsub_alpha_da_ca_min-color_o_cc_rsub_alpha_1mca_sc_min	NotSupported	VK_FORMAT_R16G16B16_SNORM does not support blending at vktPipelineBlendTests.cpp:73
dEQP-VK.pipeline.monolithic.blend.dual_source.format.r16g16b16_snorm.output_variable.states.color_ca_1msa_add_alpha_dc_1ms1c_add-color_da_cc_rsub_alpha_1ms1c_1ms1a_max-color_sas_z_min_alpha_1mca_da_add-color_1msc_ca_min_alpha_1mdc_sc_rsub	NotSupported	VK_FORMAT_R16G16B16_SNORM does not support blending at vktPipelineBlendTests.cpp:73
dEQP-VK.pipeline.monolithic.blend.dual_source.format.r16g16b16_snorm.output_variable.states.color_sas_s1a_add_alpha_1mca_1mca_sub-color_1mdc_sc_max_alpha_1msa_s1a_rsub-color_1msa_1mdc_max_alpha_1mca_1mdc_max-color_s1a_ca_min_alpha_s1c_1msc_min	NotSupported	VK_FORMAT_R16G16B16_SNORM does not support blending at vktPipelineBlendTests.cpp:73
dEQP-VK.pipeline.monolithic.blend.dual_source.format.r16g16b16_unorm.output_array.states.color_1ms1c_ca_add_alpha_1msa_cc_max-color_s1a_z_sub_alpha_sa_sc_add-color_da_da_max_alpha_s1a_cc_rsub-color_da_1ms1a_max_alpha_da_o_max	NotSupported	VK_FORMAT_R16G16B16_UNORM does not support blending at vktPipelineBlendTests.cpp:73
dEQP-VK.pipeline.monolithic.blend.dual_source.format.r16g16b16_unorm.output_array.states.color_o_cc_min_alpha_da_sc_max-color_1mda_1ms1a_add_alpha_da_1mda_rsub-color_dc_1ms1a_rsub_alpha_da_1mcc_rsub-color_cc_dc_min_alpha_1msa_sas_rsub	NotSupported	VK_FORMAT_R16G16B16_UNORM does not support blending at vktPipelineBlendTests.cpp:73
dEQP-VK.pipeline.monolithic.blend.dual_source.format.r16g16b16_unorm.output_variable.states.color_1mcc_s1a_max_alpha_da_sc_add-color_dc_1mcc_sub_alpha_1ms1a_o_sub-color_1ms1c_da_sub_alpha_cc_da_max-color_1msa_1ms1a_max_alpha_ca_1ms1a_add	NotSupported	VK_FORMAT_R16G16B16_UNORM does not support blending at vktPipelineBlendTests.cpp:73
dEQP-VK.pipeline.monolithic.blend.dual_source.format.r16g16b16_unorm.output_variable.states.color_cc_1mcc_max_alpha_z_o_add-color_sa_1ms1a_max_alpha_1msa_dc_min-color_sc_cc_add_alpha_dc_1msa_sub-color_1ms1c_o_max_alpha_1ms1c_sc_add	NotSupported	VK_FORMAT_R16G16B16_UNORM does not support blending at vktPipelineBlendTests.cpp:73
dEQP-VK.pipeline.monolithic.blend.dual_source.format.r16g16b16_unorm.output_variable.states.color_sc_s1c_rsub_alpha_1msc_1ms1a_rsub-color_1ms1c_1msc_max_alpha_1mda_sc_sub-color_1msa_dc_min_alpha_1msa_1mca_add-color_da_1mcc_rsub_alpha_s1c_sa_min	NotSupported	VK_FORMAT_R16G16B16_UNORM does not support blending at vktPipelineBlendTests.cpp:73
dEQP-VK.pipeline.monolithic.blend.dual_source.format.r16g16b16a16_sfloat.output_array.states.color_1ms1c_sa_add_alpha_o_1ms1c_max-color_sa_s1c_add_alpha_1ms1a_s1a_max-color_sc_1mdc_add_alpha_1ms1c_1mdc_sub-color_da_sa_sub_alpha_1mcc_sc_min	Pass	Result image matches reference
dEQP-VK.pipeline.monolithic.blend.dual_source.format.r16g16b16a16_sfloat.output_array.states.color_s1a_1mda_add_alpha_s1a_ca_add-color_1mca_z_max_alpha_dc_1mcc_max-color_sa_dc_max_alpha_s1c_o_sub-color_1mcc_1msc_rsub_alpha_da_1mcc_add	Pass	Result image matches reference
dEQP-VK.pipeline.monolithic.blend.dual_source.format.r16g16b16a16_sfloat.output_variable.states.color_1mda_1ms1c_add_alpha_1mcc_1mca_max-color_sc_dc_sub_alpha_1msc_1ms1c_max-color_1ms1c_sa_max_alpha_da_s1c_add-color_1ms1c_dc_max_alpha_s1c_s1a_sub	Pass	Result image matches reference
dEQP-VK.pipeline.monolithic.blend.dual_source.format.r16g16b16a16_sfloat.output_variable.states.color_cc_1msc_sub_alpha_z_1mcc_min-color_1msc_s1c_add_alpha_1mda_1mdc_sub-color_ca_sas_rsub_alpha_cc_s1c_max-color_s1c_s1c_rsub_alpha_da_1ms1a_rsub	Pass	Result image matches reference
dEQP-VK.pipeline.monolithic.blend.dual_source.format.r16g16b16a16_sfloat.output_variable.states.color_z_1msa_rsub_alpha_1msc_z_add-color_s1a_s1c_min_alpha_1ms1a_dc_max-color_1ms1c_o_max_alpha_1mca_dc_rsub-color_sc_dc_min_alpha_sas_1ms1c_max	Pass	Result image matches reference
dEQP-VK.pipeline.monolithic.blend.dual_source.format.r16g16b16a16_snorm.output_array.states.color_1msa_1mca_add_alpha_dc_s1c_max-color_1msc_sc_sub_alpha_sa_s1a_rsub-color_o_1mcc_rsub_alpha_1mdc_s1a_rsub-color_ca_1mcc_sub_alpha_sas_1mca_max	Pass	Result image matches reference
dEQP-VK.pipeline.monolithic.blend.dual_source.format.r16g16b16a16_snorm.output_array.states.color_s1c_1mda_add_alpha_cc_1mca_min-color_da_o_sub_alpha_da_1mda_max-color_z_1mcc_sub_alpha_sc_cc_sub-color_1mca_1ms1c_max_alpha_cc_dc_max	Pass	Result image matches reference
dEQP-VK.pipeline.monolithic.blend.dual_source.format.r16g16b16a16_snorm.output_variable.states.color_1mda_sc_rsub_alpha_s1a_o_max-color_da_ca_add_alpha_z_1msc_add-color_1mca_1ms1c_add_alpha_o_1mda_max-color_1ms1c_1msc_rsub_alpha_dc_sas_sub	Pass	Result image matches reference
dEQP-VK.pipeline.monolithic.blend.dual_source.format.r16g16b16a16_snorm.output_variable.states.color_da_ca_max_alpha_da_1mdc_rsub-color_sa_1msc_sub_alpha_sc_1mca_sub-color_s1c_s1a_add_alpha_s1a_dc_rsub-color_da_1mda_add_alpha_s1a_1msa_sub	Pass	Result image matches reference
dEQP-VK.pipeline.monolithic.blend.dual_source.format.r16g16b16a16_unorm.output_array.states.color_1mca_1mcc_max_alpha_1mca_ca_min-color_1mca_sa_rsub_alpha_1ms1a_dc_add-color_1mca_1mcc_min_alpha_1msa_1ms1c_add-color_s1a_da_max_alpha_dc_1msc_min	Pass	Result image matches reference
dEQP-VK.pipeline.monolithic.blend.dual_source.format.r16g16b16a16_unorm.output_array.states.color_1msc_1ms1c_sub_alpha_1mda_1mda_sub-color_1ms1c_ca_min_alpha_o_1ms1a_max-color_s1a_da_add_alpha_1ms1c_ca_max-color_sc_sa_add_alpha_z_o_add	Pass	Result image matches reference
dEQP-VK.pipeline.monolithic.blend.dual_source.format.r16g16b16a16_unorm.output_array.states.color_sa_1mdc_add_alpha_cc_s1c_sub-color_1msa_z_max_alpha_da_1mda_rsub-color_1msa_1msc_rsub_alpha_1mcc_o_min-color_s1c_cc_add_alpha_dc_da_add	Pass	Result image matches reference
dEQP-VK.pipeline.monolithic.blend.dual_source.format.r16g16b16a16_unorm.output_variable.states.color_1ms1a_1ms1a_sub_alpha_sc_1msa_rsub-color_sc_1mcc_add_alpha_1ms1a_s1c_rsub-color_1mdc_ca_rsub_alpha_1mda_s1c_rsub-color_1ms1c_1msc_min_alpha_o_sas_sub	Pass	Result image matches reference
dEQP-VK.pipeline.monolithic.blend.dual_source.format.r16g16b16a16_unorm.output_variable.states.color_dc_1msa_sub_alpha_1mca_da_rsub-color_z_cc_add_alpha_sa_dc_add-color_1ms1a_1ms1c_rsub_alpha_1mca_s1a_min-color_1mdc_z_min_alpha_sc_1mcc_rsub	Pass	Result image matches reference
dEQP-VK.pipeline.monolithic.blend.dual_source.format.r32_sfloat.output_array.states.color_1mca_ca_max_alpha_sa_cc_add-color_o_cc_min_alpha_1mda_s1c_max-color_z_1msa_max_alpha_1mda_da_rsub-color_sc_1mca_add_alpha_sc_1mca_max	Pass	Result image matches reference
dEQP-VK.pipeline.monolithic.blend.dual_source.format.r32_sfloat.output_array.states.color_ca_1ms1c_sub_alpha_1msa_1mca_sub-color_1msc_da_max_alpha_o_da_add-color_s1a_1ms1a_max_alpha_dc_1ms1c_sub-color_1ms1a_z_sub_alpha_1msa_1msc_max	Pass	Result image matches reference
dEQP-VK.pipeline.monolithic.blend.dual_source.format.r32_sfloat.output_array.states.color_sas_1mdc_rsub_alpha_1ms1a_z_sub-color_1msc_sc_min_alpha_1ms1a_sc_sub-color_sas_z_max_alpha_1msc_da_min-color_s1a_dc_rsub_alpha_o_1mcc_min	Pass	Result image matches reference
dEQP-VK.pipeline.monolithic.blend.dual_source.format.r32_sfloat.output_variable.states.color_1ms1a_s1a_rsub_alpha_sa_sas_max-color_z_1msa_min_alpha_sas_s1a_rsub-color_1mdc_1msa_rsub_alpha_sc_1ms1a_min-color_1mdc_sa_min_alpha_1mca_1mcc_min	Pass	Result image matches reference
dEQP-VK.pipeline.monolithic.blend.dual_source.format.r32_sfloat.output_variable.states.color_o_ca_add_alpha_z_1msa_sub-color_z_1mcc_add_alpha_1mcc_1mca_sub-color_1msa_da_rsub_alpha_cc_1ms1c_add-color_cc_1mcc_sub_alpha_1mda_s1c_min	Pass	Result image matches reference
dEQP-VK.pipeline.monolithic.blend.dual_source.format.r32g32_sfloat.output_array.states.color_1mcc_cc_rsub_alpha_1mdc_1ms1a_add-color_1msa_1msa_sub_alpha_1ms1c_ca_min-color_z_s1a_rsub_alpha_s1a_ca_sub-color_s1c_s1a_min_alpha_1mcc_1mdc_min	Pass	Result image matches reference
dEQP-VK.pipeline.monolithic.blend.dual_source.format.r32g32_sfloat.output_array.states.color_ca_ca_rsub_alpha_1msa_s1a_rsub-color_dc_1ms1c_min_alpha_1ms1c_cc_rsub-color_ca_ca_add_alpha_s1a_sc_add-color_o_s1c_sub_alpha_z_1mda_sub	Pass	Result image matches reference
dEQP-VK.pipeline.monolithic.blend.dual_source.format.r32g32_sfloat.output_array.states.color_sas_z_max_alpha_1mcc_1msc_min-color_1msa_1msc_min_alpha_ca_1ms1a_add-color_1mda_1msc_max_alpha_dc_1ms1a_rsub-color_s1a_s1a_add_alpha_s1a_z_max	Pass	Result image matches reference
dEQP-VK.pipeline.monolithic.blend.dual_source.format.r32g32_sfloat.output_variable.states.color_1ms1c_o_rsub_alpha_o_sas_max-color_z_1msa_min_alpha_dc_sc_rsub-color_sc_1mda_add_alpha_s1c_cc_max-color_1ms1a_s1c_max_alpha_1mca_o_rsub	Pass	Result image matches reference
dEQP-VK.pipeline.monolithic.blend.dual_source.format.r32g32_sfloat.output_variable.states.color_o_sa_max_alpha_da_ca_add-color_z_s1c_add_alpha_sc_sas_rsub-color_1mdc_cc_min_alpha_dc_ca_min-color_1ms1c_1msc_max_alpha_1msa_ca_min	Pass	Result image matches reference
dEQP-VK.pipeline.monolithic.blend.dual_source.format.r32g32b32_sfloat.output_array.states.color_1mda_1mdc_sub_alpha_1ms1a_s1c_rsub-color_1mca_o_rsub_alpha_1mca_ca_min-color_ca_s1a_add_alpha_dc_s1c_sub-color_ca_1ms1c_min_alpha_sc_sc_add	Pass	Result image matches reference
dEQP-VK.pipeline.monolithic.blend.dual_source.format.r32g32b32_sfloat.output_array.states.color_cc_1mdc_add_alpha_sc_1mda_add-color_sc_1mca_rsub_alpha_z_1mdc_max-color_sa_1mca_sub_alpha_sc_s1a_max-color_sas_1ms1a_min_alpha_da_s1c_sub	Pass	Result image matches reference
dEQP-VK.pipeline.monolithic.blend.dual_source.format.r32g32b32_sfloat.output_array.states.color_sc_sc_add_alpha_cc_cc_add-color_s1c_ca_sub_alpha_1msa_1mda_max-color_da_1mdc_sub_alpha_1mdc_1mda_rsub-color_1msa_1msa_min_alpha_1mca_s1c_rsub	Pass	Result image matches reference
dEQP-VK.pipeline.monolithic.blend.dual_source.format.r32g32b32_sfloat.output_variable.states.color_1ms1c_z_sub_alpha_1mdc_1ms1a_min-color_1mda_1mcc_max_alpha_1msc_o_max-color_1ms1c_1mcc_min_alpha_1mcc_s1a_max-color_1mcc_1ms1c_add_alpha_sa_1mca_min	Pass	Result image matches reference
dEQP-VK.pipeline.monolithic.blend.dual_source.format.r32g32b32_sfloat.output_variable.states.color_s1a_sa_min_alpha_1msc_dc_min-color_1mdc_1mca_sub_alpha_1ms1a_1msc_max-color_sas_ca_max_alpha_s1c_sas_sub-color_1msc_sas_max_alpha_1mcc_da_add	Pass	Result image matches reference
dEQP-VK.pipeline.monolithic.blend.dual_source.format.r32g32b32a32_sfloat.output_array.states.color_1mda_da_sub_alpha_sc_ca_add-color_1msa_z_min_alpha_1mca_1mcc_min-color_o_sa_add_alpha_1mda_dc_rsub-color_sc_1mcc_min_alpha_1ms1a_z_rsub	Pass	Result image matches reference
dEQP-VK.pipeline.monolithic.blend.dual_source.format.r32g32b32a32_sfloat.output_array.states.color_cc_sa_sub_alpha_z_dc_rsub-color_1ms1a_1mdc_sub_alpha_1msc_1mdc_min-color_1mcc_ca_sub_alpha_ca_z_min-color_1mdc_s1a_min_alpha_s1a_1mdc_add	Pass	Result image matches reference
dEQP-VK.pipeline.monolithic.blend.dual_source.format.r32g32b32a32_sfloat.output_array.states.color_z_sa_rsub_alpha_o_1ms1c_sub-color_s1c_s1c_min_alpha_sa_1ms1a_max-color_sa_cc_sub_alpha_sc_1mdc_min-color_o_1mca_add_alpha_da_ca_sub	Pass	Result image matches reference
dEQP-VK.pipeline.monolithic.blend.dual_source.format.r32g32b32a32_sfloat.output_variable.states.color_1msa_1mdc_max_alpha_1ms1a_ca_max-color_1mda_cc_min_alpha_sas_dc_sub-color_1ms1c_sc_sub_alpha_z_dc_max-color_sc_dc_sub_alpha_s1a_o_min	Pass	Result image matches reference
dEQP-VK.pipeline.monolithic.blend.dual_source.format.r32g32b32a32_sfloat.output_variable.states.color_s1c_s1c_max_alpha_1mdc_z_sub-color_sc_z_max_alpha_s1c_sas_sub-color_1msc_1msc_min_alpha_1ms1a_ca_min-color_1msc_1msc_add_alpha_ca_da_rsub	Pass	Result image matches reference
dEQP-VK.pipeline.monolithic.blend.dual_source.format.r4g4_unorm_pack8.output_array.states.color_1mdc_1mda_rsub_alpha_1mca_1mcc_min-color_dc_o_rsub_alpha_sa_z_add-color_1msc_da_max_alpha_1mca_1mca_sub-color_sa_1ms1c_sub_alpha_1msa_sc_rsub	NotSupported	VK_FORMAT_R4G4_UNORM_PACK8 does not support blending at vktPipelineBlendTests.cpp:73
dEQP-VK.pipeline.monolithic.blend.dual_source.format.r4g4_unorm_pack8.output_array.states.color_da_z_rsub_alpha_1ms1a_1ms1a_rsub-color_s1a_1msa_rsub_alpha_1mda_sc_add-color_cc_1mcc_min_alpha_sas_da_add-color_1mcc_1msc_sub_alpha_da_z_max	NotSupported	VK_FORMAT_R4G4_UNORM_PACK8 does not support blending at vktPipelineBlendTests.cpp:73
dEQP-VK.pipeline.monolithic.blend.dual_source.format.r4g4_unorm_pack8.output_variable.states.color_1mca_1mdc_rsub_alpha_da_s1c_add-color_cc_ca_add_alpha_da_sas_max-color_z_1mcc_min_alpha_o_z_min-color_ca_s1a_add_alpha_1msc_1ms1a_sub	NotSupported	VK_FORMAT_R4G4_UNORM_PACK8 does not support blending at vktPipelineBlendTests.cpp:73
dEQP-VK.pipeline.monolithic.blend.dual_source.format.r4g4_unorm_pack8.output_variable.states.color_1msc_sas_sub_alpha_1ms1a_1mda_add-color_sa_1mcc_min_alpha_cc_1mcc_sub-color_dc_1ms1c_sub_alpha_1mca_z_max-color_1msc_1msa_max_alpha_sc_s1a_min	NotSupported	VK_FORMAT_R4G4_UNORM_PACK8 does not support blending at vktPipelineBlendTests.cpp:73
dEQP-VK.pipeline.monolithic.blend.dual_source.format.r4g4_unorm_pack8.output_variable.states.color_sa_cc_add_alpha_sc_sc_add-color_dc_da_max_alpha_dc_1ms1a_max-color_sa_1mca_sub_alpha_1mca_s1c_add-color_1msa_1msa_rsub_alpha_1mda_1mcc_add	NotSupported	VK_FORMAT_R4G4_UNORM_PACK8 does not support blending at vktPipelineBlendTests.cpp:73
dEQP-VK.pipeline.monolithic.blend.dual_source.format.r4g4b4a4_unorm_pack16.output_array.states.color_1ms1a_cc_rsub_alpha_1msc_1mcc_min-color_sc_1mdc_add_alpha_da_ca_min-color_1mcc_1mda_max_alpha_s1c_1ms1a_min-color_s1a_cc_sub_alpha_ca_1mda_max	Pass	Result image matches reference
dEQP-VK.pipeline.monolithic.blend.dual_source.format.r4g4b4a4_unorm_pack16.output_array.states.color_o_1mdc_rsub_alpha_1mca_1mcc_rsub-color_1mcc_1ms1c_add_alpha_1msa_s1c_rsub-color_1msa_1mda_max_alpha_1msc_sa_min-color_1ms1c_sc_max_alpha_1mca_cc_sub	Pass	Result image matches reference
dEQP-VK.pipeline.monolithic.blend.dual_source.format.r4g4b4a4_unorm_pack16.output_variable.states.color_1mca_da_min_alpha_s1c_1mda_sub-color_dc_1ms1a_add_alpha_ca_sas_min-color_da_1mca_rsub_alpha_da_ca_min-color_o_cc_rsub_alpha_1mca_sc_min	Pass	Result image matches reference
dEQP-VK.pipeline.monolithic.blend.dual_source.format.r4g4b4a4_unorm_pack16.output_variable.states.color_ca_1msa_add_alpha_dc_1ms1c_add-color_da_cc_rsub_alpha_1ms1c_1ms1a_max-color_sas_z_min_alpha_1mca_da_add-color_1msc_ca_min_alpha_1mdc_sc_rsub	Pass	Result image matches reference
dEQP-VK.pipeline.monolithic.blend.dual_source.format.r4g4b4a4_unorm_pack16.output_variable.states.color_sas_s1a_add_alpha_1mca_1mca_sub-color_1mdc_sc_max_alpha_1msa_s1a_rsub-color_1msa_1mdc_max_alpha_1mca_1mdc_max-color_s1a_ca_min_alpha_s1c_1msc_min	Pass	Result image matches reference
dEQP-VK.pipeline.monolithic.blend.dual_source.format.r5g5b5a1_unorm_pack16.output_array.states.color_1ms1c_ca_add_alpha_1msa_cc_max-color_s1a_z_sub_alpha_sa_sc_add-color_da_da_max_alpha_s1a_cc_rsub-color_da_1ms1a_max_alpha_da_o_max	NotSupported	VK_FORMAT_R5G5B5A1_UNORM_PACK16 does not support blending at vktPipelineBlendTests.cpp:73
dEQP-VK.pipeline.monolithic.blend.dual_source.format.r5g5b5a1_unorm_pack16.output_array.states.color_o_cc_min_alpha_da_sc_max-color_1mda_1ms1a_add_alpha_da_1mda_rsub-color_dc_1ms1a_rsub_alpha_da_1mcc_rsub-color_cc_dc_min_alpha_1msa_sas_rsub	NotSupported	VK_FORMAT_R5G5B5A1_UNORM_PACK16 does not support blending at vktPipelineBlendTests.cpp:73
dEQP-VK.pipeline.monolithic.blend.dual_source.format.r5g5b5a1_unorm_pack16.output_variable.states.color_1mcc_s1a_max_alpha_da_sc_add-color_dc_1mcc_sub_alpha_1ms1a_o_sub-color_1ms1c_da_sub_alpha_cc_da_max-color_1msa_1ms1a_max_alpha_ca_1ms1a_add	NotSupported	VK_FORMAT_R5G5B5A1_UNORM_PACK16 does not support blending at vktPipelineBlendTests.cpp:73
dEQP-VK.pipeline.monolithic.blend.dual_source.format.r5g5b5a1_unorm_pack16.output_variable.states.color_cc_1mcc_max_alpha_z_o_add-color_sa_1ms1a_max_alpha_1msa_dc_min-color_sc_cc_add_alpha_dc_1msa_sub-color_1ms1c_o_max_alpha_1ms1c_sc_add	NotSupported	VK_FORMAT_R5G5B5A1_UNORM_PACK16 does not support blending at vktPipelineBlendTests.cpp:73
dEQP-VK.pipeline.monolithic.blend.dual_source.format.r5g5b5a1_unorm_pack16.output_variable.states.color_sc_s1c_rsub_alpha_1msc_1ms1a_rsub-color_1ms1c_1msc_max_alpha_1mda_sc_sub-color_1msa_dc_min_alpha_1msa_1mca_add-color_da_1mcc_rsub_alpha_s1c_sa_min	NotSupported	VK_FORMAT_R5G5B5A1_UNORM_PACK16 does not support blending at vktPipelineBlendTests.cpp:73
dEQP-VK.pipeline.monolithic.blend.dual_source.format.r5g6b5_unorm_pack16.output_array.states.color_1ms1c_sa_add_alpha_o_1ms1c_max-color_sa_s1c_add_alpha_1ms1a_s1a_max-color_sc_1mdc_add_alpha_1ms1c_1mdc_sub-color_da_sa_sub_alpha_1mcc_sc_min	Pass	Result image matches reference
dEQP-VK.pipeline.monolithic.blend.dual_source.format.r5g6b5_unorm_pack16.output_array.states.color_s1a_1mda_add_alpha_s1a_ca_add-color_1mca_z_max_alpha_dc_1mcc_max-color_sa_dc_max_alpha_s1c_o_sub-color_1mcc_1msc_rsub_alpha_da_1mcc_add	Pass	Result image matches reference
dEQP-VK.pipeline.monolithic.blend.dual_source.format.r5g6b5_unorm_pack16.output_variable.states.color_1mda_1ms1c_add_alpha_1mcc_1mca_max-color_sc_dc_sub_alpha_1msc_1ms1c_max-color_1ms1c_sa_max_alpha_da_s1c_add-color_1ms1c_dc_max_alpha_s1c_s1a_sub	Pass	Result image matches reference
dEQP-VK.pipeline.monolithic.blend.dual_source.format.r5g6b5_unorm_pack16.output_variable.states.color_cc_1msc_sub_alpha_z_1mcc_min-color_1msc_s1c_add_alpha_1mda_1mdc_sub-color_ca_sas_rsub_alpha_cc_s1c_max-color_s1c_s1c_rsub_alpha_da_1ms1a_rsub	Pass	Result image matches reference
dEQP-VK.pipeline.monolithic.blend.dual_source.format.r5g6b5_unorm_pack16.output_variable.states.color_z_1msa_rsub_alpha_1msc_z_add-color_s1a_s1c_min_alpha_1ms1a_dc_max-color_1ms1c_o_max_alpha_1mca_dc_rsub-color_sc_dc_min_alpha_sas_1ms1c_max	Pass	Result image matches reference
dEQP-VK.pipeline.monolithic.blend.dual_source.format.r8_snorm.output_array.states.color_1msa_1mca_add_alpha_dc_s1c_max-color_1msc_sc_sub_alpha_sa_s1a_rsub-color_o_1mcc_rsub_alpha_1mdc_s1a_rsub-color_ca_1mcc_sub_alpha_sas_1mca_max	Pass	Result image matches reference
dEQP-VK.pipeline.monolithic.blend.dual_source.format.r8_snorm.output_array.states.color_s1c_1mda_add_alpha_cc_1mca_min-color_da_o_sub_alpha_da_1mda_max-color_z_1mcc_sub_alpha_sc_cc_sub-color_1mca_1ms1c_max_alpha_cc_dc_max	Pass	Result image matches reference
dEQP-VK.pipeline.monolithic.blend.dual_source.format.r8_snorm.output_variable.states.color_1mda_sc_rsub_alpha_s1a_o_max-color_da_ca_add_alpha_z_1msc_add-color_1mca_1ms1c_add_alpha_o_1mda_max-color_1ms1c_1msc_rsub_alpha_dc_sas_sub	Pass	Result image matches reference
dEQP-VK.pipeline.monolithic.blend.dual_source.format.r8_snorm.output_variable.states.color_da_ca_max_alpha_da_1mdc_rsub-color_sa_1msc_sub_alpha_sc_1mca_sub-color_s1c_s1a_add_alpha_s1a_dc_rsub-color_da_1mda_add_alpha_s1a_1msa_sub	Pass	Result image matches reference
dEQP-VK.pipeline.monolithic.blend.dual_source.format.r8_srgb.output_array.states.color_1mca_1mcc_max_alpha_1mca_ca_min-color_1mca_sa_rsub_alpha_1ms1a_dc_add-color_1mca_1mcc_min_alpha_1msa_1ms1c_add-color_s1a_da_max_alpha_dc_1msc_min	Pass	Result image matches reference
dEQP-VK.pipeline.monolithic.blend.dual_source.format.r8_srgb.output_array.states.color_1msc_1ms1c_sub_alpha_1mda_1mda_sub-color_1ms1c_ca_min_alpha_o_1ms1a_max-color_s1a_da_add_alpha_1ms1c_ca_max-color_sc_sa_add_alpha_z_o_add	Pass	Result image matches reference
dEQP-VK.pipeline.monolithic.blend.dual_source.format.r8_srgb.output_array.states.color_sa_1mdc_add_alpha_cc_s1c_sub-color_1msa_z_max_alpha_da_1mda_rsub-color_1msa_1msc_rsub_alpha_1mcc_o_min-color_s1c_cc_add_alpha_dc_da_add	Pass	Result image matches reference
dEQP-VK.pipeline.monolithic.blend.dual_source.format.r8_srgb.output_variable.states.color_1ms1a_1ms1a_sub_alpha_sc_1msa_rsub-color_sc_1mcc_add_alpha_1ms1a_s1c_rsub-color_1mdc_ca_rsub_alpha_1mda_s1c_rsub-color_1ms1c_1msc_min_alpha_o_sas_sub	Pass	Result image matches reference
dEQP-VK.pipeline.monolithic.blend.dual_source.format.r8_srgb.output_variable.states.color_dc_1msa_sub_alpha_1mca_da_rsub-color_z_cc_add_alpha_sa_dc_add-color_1ms1a_1ms1c_rsub_alpha_1mca_s1a_min-color_1mdc_z_min_alpha_sc_1mcc_rsub	Pass	Result image matches reference
dEQP-VK.pipeline.monolithic.blend.dual_source.format.r8_unorm.output_array.states.color_1mca_ca_max_alpha_sa_cc_add-color_o_cc_min_alpha_1mda_s1c_max-color_z_1msa_max_alpha_1mda_da_rsub-color_sc_1mca_add_alpha_sc_1mca_max	Pass	Result image matches reference
dEQP-VK.pipeline.monolithic.blend.dual_source.format.r8_unorm.output_array.states.color_ca_1ms1c_sub_alpha_1msa_1mca_sub-color_1msc_da_max_alpha_o_da_add-color_s1a_1ms1a_max_alpha_dc_1ms1c_sub-color_1ms1a_z_sub_alpha_1msa_1msc_max	Pass	Result image matches reference
dEQP-VK.pipeline.monolithic.blend.dual_source.format.r8_unorm.output_array.states.color_sas_1mdc_rsub_alpha_1ms1a_z_sub-color_1msc_sc_min_alpha_1ms1a_sc_sub-color_sas_z_max_alpha_1msc_da_min-color_s1a_dc_rsub_alpha_o_1mcc_min	Pass	Result image matches reference
dEQP-VK.pipeline.monolithic.blend.dual_source.format.r8_unorm.output_variable.states.color_1ms1a_s1a_rsub_alpha_sa_sas_max-color_z_1msa_min_alpha_sas_s1a_rsub-color_1mdc_1msa_rsub_alpha_sc_1ms1a_min-color_1mdc_sa_min_alpha_1mca_1mcc_min	Pass	Result image matches reference
dEQP-VK.pipeline.monolithic.blend.dual_source.format.r8_unorm.output_variable.states.color_o_ca_add_alpha_z_1msa_sub-color_z_1mcc_add_alpha_1mcc_1mca_sub-color_1msa_da_rsub_alpha_cc_1ms1c_add-color_cc_1mcc_sub_alpha_1mda_s1c_min	Pass	Result image matches reference
dEQP-VK.pipeline.monolithic.blend.dual_source.format.r8g8_snorm.output_array.states.color_1mcc_cc_rsub_alpha_1mdc_1ms1a_add-color_1msa_1msa_sub_alpha_1ms1c_ca_min-color_z_s1a_rsub_alpha_s1a_ca_sub-color_s1c_s1a_min_alpha_1mcc_1mdc_min	Pass	Result image matches reference
dEQP-VK.pipeline.monolithic.blend.dual_source.format.r8g8_snorm.output_array.states.color_ca_ca_rsub_alpha_1msa_s1a_rsub-color_dc_1ms1c_min_alpha_1ms1c_cc_rsub-color_ca_ca_add_alpha_s1a_sc_add-color_o_s1c_sub_alpha_z_1mda_sub	Pass	Result image matches reference
dEQP-VK.pipeline.monolithic.blend.dual_source.format.r8g8_snorm.output_array.states.color_sas_z_max_alpha_1mcc_1msc_min-color_1msa_1msc_min_alpha_ca_1ms1a_add-color_1mda_1msc_max_alpha_dc_1ms1a_rsub-color_s1a_s1a_add_alpha_s1a_z_max	Pass	Result image matches reference
dEQP-VK.pipeline.monolithic.blend.dual_source.format.r8g8_snorm.output_variable.states.color_1ms1c_o_rsub_alpha_o_sas_max-color_z_1msa_min_alpha_dc_sc_rsub-color_sc_1mda_add_alpha_s1c_cc_max-color_1ms1a_s1c_max_alpha_1mca_o_rsub	Pass	Result image matches reference
dEQP-VK.pipeline.monolithic.blend.dual_source.format.r8g8_snorm.output_variable.states.color_o_sa_max_alpha_da_ca_add-color_z_s1c_add_alpha_sc_sas_rsub-color_1mdc_cc_min_alpha_dc_ca_min-color_1ms1c_1msc_max_alpha_1msa_ca_min	Pass	Result image matches reference
dEQP-VK.pipeline.monolithic.blend.dual_source.format.r8g8_srgb.output_array.states.color_1mda_1mdc_sub_alpha_1ms1a_s1c_rsub-color_1mca_o_rsub_alpha_1mca_ca_min-color_ca_s1a_add_alpha_dc_s1c_sub-color_ca_1ms1c_min_alpha_sc_sc_add	Pass	Result image matches reference
dEQP-VK.pipeline.monolithic.blend.dual_source.format.r8g8_srgb.output_array.states.color_cc_1mdc_add_alpha_sc_1mda_add-color_sc_1mca_rsub_alpha_z_1mdc_max-color_sa_1mca_sub_alpha_sc_s1a_max-color_sas_1ms1a_min_alpha_da_s1c_sub	Pass	Result image matches reference
dEQP-VK.pipeline.monolithic.blend.dual_source.format.r8g8_srgb.output_array.states.color_sc_sc_add_alpha_cc_cc_add-color_s1c_ca_sub_alpha_1msa_1mda_max-color_da_1mdc_sub_alpha_1mdc_1mda_rsub-color_1msa_1msa_min_alpha_1mca_s1c_rsub	Pass	Result image matches reference
dEQP-VK.pipeline.monolithic.blend.dual_source.format.r8g8_srgb.output_variable.states.color_1ms1c_z_sub_alpha_1mdc_1ms1a_min-color_1mda_1mcc_max_alpha_1msc_o_max-color_1ms1c_1mcc_min_alpha_1mcc_s1a_max-color_1mcc_1ms1c_add_alpha_sa_1mca_min	Pass	Result image matches reference
dEQP-VK.pipeline.monolithic.blend.dual_source.format.r8g8_srgb.output_variable.states.color_s1a_sa_min_alpha_1msc_dc_min-color_1mdc_1mca_sub_alpha_1ms1a_1msc_max-color_sas_ca_max_alpha_s1c_sas_sub-color_1msc_sas_max_alpha_1mcc_da_add	Pass	Result image matches reference
dEQP-VK.pipeline.monolithic.blend.dual_source.format.r8g8_unorm.output_array.states.color_1mda_da_sub_alpha_sc_ca_add-color_1msa_z_min_alpha_1mca_1mcc_min-color_o_sa_add_alpha_1mda_dc_rsub-color_sc_1mcc_min_alpha_1ms1a_z_rsub	Pass	Result image matches reference
dEQP-VK.pipeline.monolithic.blend.dual_source.format.r8g8_unorm.output_array.states.color_cc_sa_sub_alpha_z_dc_rsub-color_1ms1a_1mdc_sub_alpha_1msc_1mdc_min-color_1mcc_ca_sub_alpha_ca_z_min-color_1mdc_s1a_min_alpha_s1a_1mdc_add	Pass	Result image matches reference
dEQP-VK.pipeline.monolithic.blend.dual_source.format.r8g8_unorm.output_array.states.color_z_sa_rsub_alpha_o_1ms1c_sub-color_s1c_s1c_min_alpha_sa_1ms1a_max-color_sa_cc_sub_alpha_sc_1mdc_min-color_o_1mca_add_alpha_da_ca_sub	Pass	Result image matches reference
dEQP-VK.pipeline.monolithic.blend.dual_source.format.r8g8_unorm.output_variable.states.color_1msa_1mdc_max_alpha_1ms1a_ca_max-color_1mda_cc_min_alpha_sas_dc_sub-color_1ms1c_sc_sub_alpha_z_dc_max-color_sc_dc_sub_alpha_s1a_o_min	Pass	Result image matches reference
dEQP-VK.pipeline.monolithic.blend.dual_source.format.r8g8_unorm.output_variable.states.color_s1c_s1c_max_alpha_1mdc_z_sub-color_sc_z_max_alpha_s1c_sas_sub-color_1msc_1msc_min_alpha_1ms1a_ca_min-color_1msc_1msc_add_alpha_ca_da_rsub	Pass	Result image matches reference
dEQP-VK.pipeline.monolithic.blend.dual_source.format.r8g8b8_snorm.output_array.states.color_1mdc_1mda_rsub_alpha_1mca_1mcc_min-color_dc_o_rsub_alpha_sa_z_add-color_1msc_da_max_alpha_1mca_1mca_sub-color_sa_1ms1c_sub_alpha_1msa_sc_rsub	Pass	Result image matches reference
dEQP-VK.pipeline.monolithic.blend.dual_source.format.r8g8b8_snorm.output_array.states.color_da_z_rsub_alpha_1ms1a_1ms1a_rsub-color_s1a_1msa_rsub_alpha_1mda_sc_add-color_cc_1mcc_min_alpha_sas_da_add-color_1mcc_1msc_sub_alpha_da_z_max	Pass	Result image matches reference
dEQP-VK.pipeline.monolithic.blend.dual_source.format.r8g8b8_snorm.output_variable.states.color_1mca_1mdc_rsub_alpha_da_s1c_add-color_cc_ca_add_alpha_da_sas_max-color_z_1mcc_min_alpha_o_z_min-color_ca_s1a_add_alpha_1msc_1ms1a_sub	Pass	Result image matches reference
dEQP-VK.pipeline.monolithic.blend.dual_source.format.r8g8b8_snorm.output_variable.states.color_1msc_sas_sub_alpha_1ms1a_1mda_add-color_sa_1mcc_min_alpha_cc_1mcc_sub-color_dc_1ms1c_sub_alpha_1mca_z_max-color_1msc_1msa_max_alpha_sc_s1a_min	Pass	Result image matches reference
dEQP-VK.pipeline.monolithic.blend.dual_source.format.r8g8b8_snorm.output_variable.states.color_sa_cc_add_alpha_sc_sc_add-color_dc_da_max_alpha_dc_1ms1a_max-color_sa_1mca_sub_alpha_1mca_s1c_add-color_1msa_1msa_rsub_alpha_1mda_1mcc_add	Pass	Result image matches reference
dEQP-VK.pipeline.monolithic.blend.dual_source.format.r8g8b8_srgb.output_array.states.color_1ms1a_cc_rsub_alpha_1msc_1mcc_min-color_sc_1mdc_add_alpha_da_ca_min-color_1mcc_1mda_max_alpha_s1c_1ms1a_min-color_s1a_cc_sub_alpha_ca_1mda_max	Pass	Result image matches reference
dEQP-VK.pipeline.monolithic.blend.dual_source.format.r8g8b8_srgb.output_array.states.color_o_1mdc_rsub_alpha_1mca_1mcc_rsub-color_1mcc_1ms1c_add_alpha_1msa_s1c_rsub-color_1msa_1mda_max_alpha_1msc_sa_min-color_1ms1c_sc_max_alpha_1mca_cc_sub	Pass	Result image matches reference
dEQP-VK.pipeline.monolithic.blend.dual_source.format.r8g8b8_srgb.output_variable.states.color_1mca_da_min_alpha_s1c_1mda_sub-color_dc_1ms1a_add_alpha_ca_sas_min-color_da_1mca_rsub_alpha_da_ca_min-color_o_cc_rsub_alpha_1mca_sc_min	Pass	Result image matches reference
dEQP-VK.pipeline.monolithic.blend.dual_source.format.r8g8b8_srgb.output_variable.states.color_ca_1msa_add_alpha_dc_1ms1c_add-color_da_cc_rsub_alpha_1ms1c_1ms1a_max-color_sas_z_min_alpha_1mca_da_add-color_1msc_ca_min_alpha_1mdc_sc_rsub	Pass	Result image matches reference
dEQP-VK.pipeline.monolithic.blend.dual_source.format.r8g8b8_srgb.output_variable.states.color_sas_s1a_add_alpha_1mca_1mca_sub-color_1mdc_sc_max_alpha_1msa_s1a_rsub-color_1msa_1mdc_max_alpha_1mca_1mdc_max-color_s1a_ca_min_alpha_s1c_1msc_min	Pass	Result image matches reference
dEQP-VK.pipeline.monolithic.blend.dual_source.format.r8g8b8_unorm.output_array.states.color_1ms1c_ca_add_alpha_1msa_cc_max-color_s1a_z_sub_alpha_sa_sc_add-color_da_da_max_alpha_s1a_cc_rsub-color_da_1ms1a_max_alpha_da_o_max	Pass	Result image matches reference
dEQP-VK.pipeline.monolithic.blend.dual_source.format.r8g8b8_unorm.output_array.states.color_o_cc_min_alpha_da_sc_max-color_1mda_1ms1a_add_alpha_da_1mda_rsub-color_dc_1ms1a_rsub_alpha_da_1mcc_rsub-color_cc_dc_min_alpha_1msa_sas_rsub	Pass	Result image matches reference
dEQP-VK.pipeline.monolithic.blend.dual_source.format.r8g8b8_unorm.output_variable.states.color_1mcc_s1a_max_alpha_da_sc_add-color_dc_1mcc_sub_alpha_1ms1a_o_sub-color_1ms1c_da_sub_alpha_cc_da_max-color_1msa_1ms1a_max_alpha_ca_1ms1a_add	Pass	Result image matches reference
dEQP-VK.pipeline.monolithic.blend.dual_source.format.r8g8b8_unorm.output_variable.states.color_cc_1mcc_max_alpha_z_o_add-color_sa_1ms1a_max_alpha_1msa_dc_min-color_sc_cc_add_alpha_dc_1msa_sub-color_1ms1c_o_max_alpha_1ms1c_sc_add	Pass	Result image matches reference
dEQP-VK.pipeline.monolithic.blend.dual_source.format.r8g8b8_unorm.output_variable.states.color_sc_s1c_rsub_alpha_1msc_1ms1a_rsub-color_1ms1c_1msc_max_alpha_1mda_sc_sub-color_1msa_dc_min_alpha_1msa_1mca_add-color_da_1mcc_rsub_alpha_s1c_sa_min	Pass	Result image matches reference
dEQP-VK.pipeline.monolithic.blend.dual_source.format.r8g8b8a8_snorm.output_array.states.color_1ms1c_sa_add_alpha_o_1ms1c_max-color_sa_s1c_add_alpha_1ms1a_s1a_max-color_sc_1mdc_add_alpha_1ms1c_1mdc_sub-color_da_sa_sub_alpha_1mcc_sc_min	Pass	Result image matches reference
dEQP-VK.pipeline.monolithic.blend.dual_source.format.r8g8b8a8_snorm.output_array.states.color_s1a_1mda_add_alpha_s1a_ca_add-color_1mca_z_max_alpha_dc_1mcc_max-color_sa_dc_max_alpha_s1c_o_sub-color_1mcc_1msc_rsub_alpha_da_1mcc_add	Pass	Result image matches reference
dEQP-VK.pipeline.monolithic.blend.dual_source.format.r8g8b8a8_snorm.output_variable.states.color_1mda_1ms1c_add_alpha_1mcc_1mca_max-color_sc_dc_sub_alpha_1msc_1ms1c_max-color_1ms1c_sa_max_alpha_da_s1c_add-color_1ms1c_dc_max_alpha_s1c_s1a_sub	Pass	Result image matches reference
dEQP-VK.pipeline.monolithic.blend.dual_source.format.r8g8b8a8_snorm.output_variable.states.color_cc_1msc_sub_alpha_z_1mcc_min-color_1msc_s1c_add_alpha_1mda_1mdc_sub-color_ca_sas_rsub_alpha_cc_s1c_max-color_s1c_s1c_rsub_alpha_da_1ms1a_rsub	Pass	Result image matches reference
dEQP-VK.pipeline.monolithic.blend.dual_source.format.r8g8b8a8_snorm.output_variable.states.color_z_1msa_rsub_alpha_1msc_z_add-color_s1a_s1c_min_alpha_1ms1a_dc_max-color_1ms1c_o_max_alpha_1mca_dc_rsub-color_sc_dc_min_alpha_sas_1ms1c_max	Pass	Result image matches reference
dEQP-VK.pipeline.monolithic.blend.dual_source.format.r8g8b8a8_srgb.output_array.states.color_1msa_1mca_add_alpha_dc_s1c_max-color_1msc_sc_sub_alpha_sa_s1a_rsub-color_o_1mcc_rsub_alpha_1mdc_s1a_rsub-color_ca_1mcc_sub_alpha_sas_1mca_max	Pass	Result image matches reference
dEQP-VK.pipeline.monolithic.blend.dual_source.format.r8g8b8a8_srgb.output_array.states.color_s1c_1mda_add_alpha_cc_1mca_min-color_da_o_sub_alpha_da_1mda_max-color_z_1mcc_sub_alpha_sc_cc_sub-color_1mca_1ms1c_max_alpha_cc_dc_max	Pass	Result image matches reference
dEQP-VK.pipeline.monolithic.blend.dual_source.format.r8g8b8a8_srgb.output_variable.states.color_1mda_sc_rsub_alpha_s1a_o_max-color_da_ca_add_alpha_z_1msc_add-color_1mca_1ms1c_add_alpha_o_1mda_max-color_1ms1c_1msc_rsub_alpha_dc_sas_sub	Pass	Result image matches reference
dEQP-VK.pipeline.monolithic.blend.dual_source.format.r8g8b8a8_srgb.output_variable.states.color_da_ca_max_alpha_da_1mdc_rsub-color_sa_1msc_sub_alpha_sc_1mca_sub-color_s1c_s1a_add_alpha_s1a_dc_rsub-color_da_1mda_add_alpha_s1a_1msa_sub	Pass	Result image matches reference
dEQP-VK.pipeline.monolithic.blend.dual_source.format.r8g8b8a8_unorm.output_array.states.color_1mca_1mcc_max_alpha_1mca_ca_min-color_1mca_sa_rsub_alpha_1ms1a_dc_add-color_1mca_1mcc_min_alpha_1msa_1ms1c_add-color_s1a_da_max_alpha_dc_1msc_min	Pass	Result image matches reference
dEQP-VK.pipeline.monolithic.blend.dual_source.format.r8g8b8a8_unorm.output_array.states.color_1msc_1ms1c_sub_alpha_1mda_1mda_sub-color_1ms1c_ca_min_alpha_o_1ms1a_max-color_s1a_da_add_alpha_1ms1c_ca_max-color_sc_sa_add_alpha_z_o_add	Pass	Result image matches reference
dEQP-VK.pipeline.monolithic.blend.dual_source.format.r8g8b8a8_unorm.output_array.states.color_sa_1mdc_add_alpha_cc_s1c_sub-color_1msa_z_max_alpha_da_1mda_rsub-color_1msa_1msc_rsub_alpha_1mcc_o_min-color_s1c_cc_add_alpha_dc_da_add	Pass	Result image matches reference
dEQP-VK.pipeline.monolithic.blend.dual_source.format.r8g8b8a8_unorm.output_variable.states.color_1ms1a_1ms1a_sub_alpha_sc_1msa_rsub-color_sc_1mcc_add_alpha_1ms1a_s1c_rsub-color_1mdc_ca_rsub_alpha_1mda_s1c_rsub-color_1ms1c_1msc_min_alpha_o_sas_sub	Pass	Result image matches reference
dEQP-VK.pipeline.monolithic.blend.dual_source.format.r8g8b8a8_unorm.output_variable.states.color_dc_1msa_sub_alpha_1mca_da_rsub-color_z_cc_add_alpha_sa_dc_add-color_1ms1a_1ms1c_rsub_alpha_1mca_s1a_min-color_1mdc_z_min_alpha_sc_1mcc_rsub	Pass	Result image matches reference
dEQP-VK.pipeline.monolithic.blend.dual_source.multi_attachments.a4r4g4b4_unorm_pack16	Pass	2500 iteration(s) processed
