dEQP-VK.pipeline.monolithic.multisample.alpha_to_coverage.samples_16.alpha_invisible	NotSupported	Unsupported number of rasterization samples at vktPipelineMultisampleTests.cpp:884
dEQP-VK.pipeline.monolithic.multisample.alpha_to_coverage.samples_16.alpha_opaque	NotSupported	Unsupported number of rasterization samples at vktPipelineMultisampleTests.cpp:884
dEQP-VK.pipeline.monolithic.multisample.alpha_to_coverage.samples_2.alpha_invisible	NotSupported	Unsupported number of rasterization samples at vktPipelineMultisampleTests.cpp:884
dEQP-VK.pipeline.monolithic.multisample.alpha_to_coverage.samples_2.alpha_opaque	NotSupported	Unsupported number of rasterization samples at vktPipelineMultisampleTests.cpp:884
dEQP-VK.pipeline.monolithic.multisample.alpha_to_coverage.samples_32.alpha_invisible	NotSupported	Unsupported number of rasterization samples at vktPipelineMultisampleTests.cpp:884
dEQP-VK.pipeline.monolithic.multisample.alpha_to_coverage.samples_32.alpha_opaque	NotSupported	Unsupported number of rasterization samples at vktPipelineMultisampleTests.cpp:884
dEQP-VK.pipeline.monolithic.multisample.alpha_to_coverage.samples_4.alpha_invisible	Fail	Pixel is not in the expected range: 1 not in [0, 0.01]
dEQP-VK.pipeline.monolithic.multisample.alpha_to_coverage.samples_4.alpha_opaque	Pass	Image matches reference value
dEQP-VK.pipeline.monolithic.multisample.alpha_to_coverage.samples_64.alpha_invisible	NotSupported	Unsupported number of rasterization samples at vktPipelineMultisampleTests.cpp:884
dEQP-VK.pipeline.monolithic.multisample.alpha_to_coverage.samples_64.alpha_opaque	NotSupported	Unsupported number of rasterization samples at vktPipelineMultisampleTests.cpp:884
dEQP-VK.pipeline.monolithic.multisample.alpha_to_coverage.samples_8.alpha_invisible	Fail	Pixel is not in the expected range: 1 not in [0, 0.01]
dEQP-VK.pipeline.monolithic.multisample.alpha_to_coverage.samples_8.alpha_invisible_sparse_check_depth	NotSupported	Unsupported number of rasterization samples at vktPipelineMultisampleTests.cpp:884
dEQP-VK.pipeline.monolithic.multisample.alpha_to_coverage.samples_8.alpha_translucent	Fail	Pixel is not in the expected range: 1 not in [0, 0.52]
dEQP-VK.pipeline.monolithic.multisample.alpha_to_coverage_no_color_attachment.samples_16.alpha_opaque	NotSupported	Unsupported number of rasterization samples at vktPipelineMultisampleTests.cpp:884
dEQP-VK.pipeline.monolithic.multisample.alpha_to_coverage_no_color_attachment.samples_32.alpha_opaque	NotSupported	Unsupported number of rasterization samples at vktPipelineMultisampleTests.cpp:884
dEQP-VK.pipeline.monolithic.multisample.alpha_to_coverage_no_color_attachment.samples_64.alpha_opaque	NotSupported	Unsupported number of rasterization samples at vktPipelineMultisampleTests.cpp:884
dEQP-VK.pipeline.monolithic.multisample.alpha_to_coverage_no_color_attachment.samples_8.alpha_opaque_sparse	NotSupported	Unsupported number of rasterization samples at vktPipelineMultisampleTests.cpp:884
dEQP-VK.pipeline.monolithic.multisample.alpha_to_coverage_unused_attachment.samples_16.alpha_opaque	NotSupported	Unsupported number of rasterization samples at vktPipelineMultisampleTests.cpp:884
dEQP-VK.pipeline.monolithic.multisample.alpha_to_coverage_unused_attachment.samples_2.alpha_opaque	NotSupported	Unsupported number of rasterization samples at vktPipelineMultisampleTests.cpp:884
dEQP-VK.pipeline.monolithic.multisample.alpha_to_coverage_unused_attachment.samples_32.alpha_opaque	NotSupported	Unsupported number of rasterization samples at vktPipelineMultisampleTests.cpp:884
dEQP-VK.pipeline.monolithic.multisample.alpha_to_coverage_unused_attachment.samples_4.alpha_opaque	Pass	Pass
dEQP-VK.pipeline.monolithic.multisample.alpha_to_coverage_unused_attachment.samples_64.alpha_opaque	NotSupported	Unsupported number of rasterization samples at vktPipelineMultisampleTests.cpp:884
dEQP-VK.pipeline.monolithic.multisample.alpha_to_coverage_unused_attachment.samples_8.alpha_opaque	Pass	Pass
dEQP-VK.pipeline.monolithic.multisample.min_sample_shading.min_0_0.samples_16.primitive_point	NotSupported	Unsupported number of rasterization samples at vktPipelineMultisampleTests.cpp:884
dEQP-VK.pipeline.monolithic.multisample.min_sample_shading.min_0_0.samples_16.primitive_triangle	NotSupported	Unsupported number of rasterization samples at vktPipelineMultisampleTests.cpp:884
dEQP-VK.pipeline.monolithic.multisample.min_sample_shading.min_0_0.samples_2.primitive_point	NotSupported	Unsupported number of rasterization samples at vktPipelineMultisampleTests.cpp:884
dEQP-VK.pipeline.monolithic.multisample.min_sample_shading.min_0_0.samples_2.primitive_triangle	NotSupported	Unsupported number of rasterization samples at vktPipelineMultisampleTests.cpp:884
dEQP-VK.pipeline.monolithic.multisample.min_sample_shading.min_0_0.samples_32.primitive_point	NotSupported	Unsupported number of rasterization samples at vktPipelineMultisampleTests.cpp:884
dEQP-VK.pipeline.monolithic.multisample.min_sample_shading.min_0_0.samples_32.primitive_triangle	NotSupported	Unsupported number of rasterization samples at vktPipelineMultisampleTests.cpp:884
dEQP-VK.pipeline.monolithic.multisample.min_sample_shading.min_0_0.samples_4.primitive_point	Pass	Got proper count of unique colors
dEQP-VK.pipeline.monolithic.multisample.min_sample_shading.min_0_0.samples_4.primitive_triangle	Pass	Got proper count of unique colors
dEQP-VK.pipeline.monolithic.multisample.min_sample_shading.min_0_0.samples_64.primitive_point	NotSupported	Unsupported number of rasterization samples at vktPipelineMultisampleTests.cpp:884
dEQP-VK.pipeline.monolithic.multisample.min_sample_shading.min_0_0.samples_64.primitive_triangle	NotSupported	Unsupported number of rasterization samples at vktPipelineMultisampleTests.cpp:884
dEQP-VK.pipeline.monolithic.multisample.min_sample_shading.min_0_0.samples_8.primitive_line_sparse	NotSupported	Unsupported number of rasterization samples at vktPipelineMultisampleTests.cpp:884
dEQP-VK.pipeline.monolithic.multisample.min_sample_shading.min_0_0.samples_8.primitive_point_1px_sparse	NotSupported	Unsupported number of rasterization samples at vktPipelineMultisampleTests.cpp:884
dEQP-VK.pipeline.monolithic.multisample.min_sample_shading.min_0_0.samples_8.primitive_triangle_sparse	NotSupported	Unsupported number of rasterization samples at vktPipelineMultisampleTests.cpp:884
dEQP-VK.pipeline.monolithic.multisample.min_sample_shading.min_0_25.samples_16.primitive_point	NotSupported	Unsupported number of rasterization samples at vktPipelineMultisampleTests.cpp:884
dEQP-VK.pipeline.monolithic.multisample.min_sample_shading.min_0_25.samples_16.primitive_triangle	NotSupported	Unsupported number of rasterization samples at vktPipelineMultisampleTests.cpp:884
dEQP-VK.pipeline.monolithic.multisample.min_sample_shading.min_0_25.samples_2.primitive_point	NotSupported	Unsupported number of rasterization samples at vktPipelineMultisampleTests.cpp:884
dEQP-VK.pipeline.monolithic.multisample.min_sample_shading.min_0_25.samples_2.primitive_triangle	NotSupported	Unsupported number of rasterization samples at vktPipelineMultisampleTests.cpp:884
dEQP-VK.pipeline.monolithic.multisample.min_sample_shading.min_0_25.samples_32.primitive_point	NotSupported	Unsupported number of rasterization samples at vktPipelineMultisampleTests.cpp:884
dEQP-VK.pipeline.monolithic.multisample.min_sample_shading.min_0_25.samples_32.primitive_triangle	NotSupported	Unsupported number of rasterization samples at vktPipelineMultisampleTests.cpp:884
dEQP-VK.pipeline.monolithic.multisample.min_sample_shading.min_0_25.samples_4.primitive_point	Pass	Got proper count of unique colors
dEQP-VK.pipeline.monolithic.multisample.min_sample_shading.min_0_25.samples_4.primitive_triangle	Pass	Got proper count of unique colors
dEQP-VK.pipeline.monolithic.multisample.min_sample_shading.min_0_25.samples_64.primitive_point	NotSupported	Unsupported number of rasterization samples at vktPipelineMultisampleTests.cpp:884
dEQP-VK.pipeline.monolithic.multisample.min_sample_shading.min_0_25.samples_64.primitive_triangle	NotSupported	Unsupported number of rasterization samples at vktPipelineMultisampleTests.cpp:884
dEQP-VK.pipeline.monolithic.multisample.min_sample_shading.min_0_25.samples_8.primitive_point	Fail	Got less unique colors than requested through minSampleShading
dEQP-VK.pipeline.monolithic.multisample.min_sample_shading.min_0_25.samples_8.primitive_point_sparse	NotSupported	Unsupported number of rasterization samples at vktPipelineMultisampleTests.cpp:884
dEQP-VK.pipeline.monolithic.multisample.min_sample_shading.min_0_5.samples_16.primitive_point	NotSupported	Unsupported number of rasterization samples at vktPipelineMultisampleTests.cpp:884
dEQP-VK.pipeline.monolithic.multisample.min_sample_shading.min_0_5.samples_16.primitive_triangle	NotSupported	Unsupported number of rasterization samples at vktPipelineMultisampleTests.cpp:884
dEQP-VK.pipeline.monolithic.multisample.min_sample_shading.min_0_5.samples_2.primitive_point	NotSupported	Unsupported number of rasterization samples at vktPipelineMultisampleTests.cpp:884
dEQP-VK.pipeline.monolithic.multisample.min_sample_shading.min_0_5.samples_2.primitive_triangle	NotSupported	Unsupported number of rasterization samples at vktPipelineMultisampleTests.cpp:884
dEQP-VK.pipeline.monolithic.multisample.min_sample_shading.min_0_5.samples_32.primitive_point	NotSupported	Unsupported number of rasterization samples at vktPipelineMultisampleTests.cpp:884
dEQP-VK.pipeline.monolithic.multisample.min_sample_shading.min_0_5.samples_32.primitive_triangle	NotSupported	Unsupported number of rasterization samples at vktPipelineMultisampleTests.cpp:884
dEQP-VK.pipeline.monolithic.multisample.min_sample_shading.min_0_5.samples_4.primitive_point	Fail	Got less unique colors than requested through minSampleShading
dEQP-VK.pipeline.monolithic.multisample.min_sample_shading.min_0_5.samples_4.primitive_triangle	Fail	Got less unique colors than requested through minSampleShading
dEQP-VK.pipeline.monolithic.multisample.min_sample_shading.min_0_5.samples_64.primitive_point	NotSupported	Unsupported number of rasterization samples at vktPipelineMultisampleTests.cpp:884
dEQP-VK.pipeline.monolithic.multisample.min_sample_shading.min_0_5.samples_64.primitive_triangle	NotSupported	Unsupported number of rasterization samples at vktPipelineMultisampleTests.cpp:884
dEQP-VK.pipeline.monolithic.multisample.min_sample_shading.min_0_5.samples_8.primitive_line	Fail	Got less unique colors than requested through minSampleShading
dEQP-VK.pipeline.monolithic.multisample.min_sample_shading.min_0_5.samples_8.primitive_point_1px	Pass	Got proper count of unique colors
dEQP-VK.pipeline.monolithic.multisample.min_sample_shading.min_0_5.samples_8.primitive_triangle	Fail	Got less unique colors than requested through minSampleShading
dEQP-VK.pipeline.monolithic.multisample.min_sample_shading.min_0_75.samples_16.primitive_point	NotSupported	Unsupported number of rasterization samples at vktPipelineMultisampleTests.cpp:884
dEQP-VK.pipeline.monolithic.multisample.min_sample_shading.min_0_75.samples_16.primitive_triangle	NotSupported	Unsupported number of rasterization samples at vktPipelineMultisampleTests.cpp:884
dEQP-VK.pipeline.monolithic.multisample.min_sample_shading.min_0_75.samples_2.primitive_point	NotSupported	Unsupported number of rasterization samples at vktPipelineMultisampleTests.cpp:884
dEQP-VK.pipeline.monolithic.multisample.min_sample_shading.min_0_75.samples_2.primitive_triangle	NotSupported	Unsupported number of rasterization samples at vktPipelineMultisampleTests.cpp:884
dEQP-VK.pipeline.monolithic.multisample.min_sample_shading.min_0_75.samples_32.primitive_point	NotSupported	Unsupported number of rasterization samples at vktPipelineMultisampleTests.cpp:884
dEQP-VK.pipeline.monolithic.multisample.min_sample_shading.min_0_75.samples_32.primitive_triangle	NotSupported	Unsupported number of rasterization samples at vktPipelineMultisampleTests.cpp:884
dEQP-VK.pipeline.monolithic.multisample.min_sample_shading.min_0_75.samples_4.primitive_point	Fail	Got less unique colors than requested through minSampleShading
dEQP-VK.pipeline.monolithic.multisample.min_sample_shading.min_0_75.samples_4.primitive_triangle	Fail	Got less unique colors than requested through minSampleShading
dEQP-VK.pipeline.monolithic.multisample.min_sample_shading.min_0_75.samples_64.primitive_point	NotSupported	Unsupported number of rasterization samples at vktPipelineMultisampleTests.cpp:884
dEQP-VK.pipeline.monolithic.multisample.min_sample_shading.min_0_75.samples_64.primitive_triangle	NotSupported	Unsupported number of rasterization samples at vktPipelineMultisampleTests.cpp:884
dEQP-VK.pipeline.monolithic.multisample.min_sample_shading.min_0_75.samples_8.primitive_line_sparse	NotSupported	Unsupported number of rasterization samples at vktPipelineMultisampleTests.cpp:884
dEQP-VK.pipeline.monolithic.multisample.min_sample_shading.min_0_75.samples_8.primitive_point_1px_sparse	NotSupported	Unsupported number of rasterization samples at vktPipelineMultisampleTests.cpp:884
dEQP-VK.pipeline.monolithic.multisample.min_sample_shading.min_0_75.samples_8.primitive_triangle_sparse	NotSupported	Unsupported number of rasterization samples at vktPipelineMultisampleTests.cpp:884
dEQP-VK.pipeline.monolithic.multisample.min_sample_shading.min_1_0.samples_16.primitive_point	NotSupported	Unsupported number of rasterization samples at vktPipelineMultisampleTests.cpp:884
dEQP-VK.pipeline.monolithic.multisample.min_sample_shading.min_1_0.samples_16.primitive_triangle	NotSupported	Unsupported number of rasterization samples at vktPipelineMultisampleTests.cpp:884
dEQP-VK.pipeline.monolithic.multisample.min_sample_shading.min_1_0.samples_2.primitive_point	NotSupported	Unsupported number of rasterization samples at vktPipelineMultisampleTests.cpp:884
dEQP-VK.pipeline.monolithic.multisample.min_sample_shading.min_1_0.samples_2.primitive_triangle	NotSupported	Unsupported number of rasterization samples at vktPipelineMultisampleTests.cpp:884
dEQP-VK.pipeline.monolithic.multisample.min_sample_shading.min_1_0.samples_32.primitive_point	NotSupported	Unsupported number of rasterization samples at vktPipelineMultisampleTests.cpp:884
dEQP-VK.pipeline.monolithic.multisample.min_sample_shading.min_1_0.samples_32.primitive_triangle	NotSupported	Unsupported number of rasterization samples at vktPipelineMultisampleTests.cpp:884
dEQP-VK.pipeline.monolithic.multisample.min_sample_shading.min_1_0.samples_4.primitive_point	Fail	Got less unique colors than requested through minSampleShading
dEQP-VK.pipeline.monolithic.multisample.min_sample_shading.min_1_0.samples_4.primitive_triangle	Fail	Got less unique colors than requested through minSampleShading
dEQP-VK.pipeline.monolithic.multisample.min_sample_shading.min_1_0.samples_64.primitive_point	NotSupported	Unsupported number of rasterization samples at vktPipelineMultisampleTests.cpp:884
dEQP-VK.pipeline.monolithic.multisample.min_sample_shading.min_1_0.samples_64.primitive_triangle	NotSupported	Unsupported number of rasterization samples at vktPipelineMultisampleTests.cpp:884
dEQP-VK.pipeline.monolithic.multisample.min_sample_shading.min_1_0.samples_8.primitive_point	Fail	Got less unique colors than requested through minSampleShading
dEQP-VK.pipeline.monolithic.multisample.min_sample_shading.min_1_0.samples_8.primitive_point_sparse	NotSupported	Unsupported number of rasterization samples at vktPipelineMultisampleTests.cpp:884
dEQP-VK.pipeline.monolithic.multisample.min_sample_shading_disabled.min_0_0.samples_32.quad	NotSupported	Unsupported number of rasterization samples at vktPipelineMultisampleTests.cpp:884
dEQP-VK.pipeline.monolithic.multisample.min_sample_shading_disabled.min_0_0.samples_8.quad	Pass	Got proper count of unique colors
dEQP-VK.pipeline.monolithic.multisample.min_sample_shading_disabled.min_0_25.samples_2.quad	NotSupported	Unsupported number of rasterization samples at vktPipelineMultisampleTests.cpp:884
dEQP-VK.pipeline.monolithic.multisample.min_sample_shading_disabled.min_0_5.samples_16.quad	NotSupported	Unsupported number of rasterization samples at vktPipelineMultisampleTests.cpp:884
dEQP-VK.pipeline.monolithic.multisample.min_sample_shading_disabled.min_0_5.samples_64.quad	NotSupported	Unsupported number of rasterization samples at vktPipelineMultisampleTests.cpp:884
dEQP-VK.pipeline.monolithic.multisample.min_sample_shading_disabled.min_0_75.samples_4.quad	Pass	Got proper count of unique colors
dEQP-VK.pipeline.monolithic.multisample.min_sample_shading_disabled.min_0_75.samples_8.quad	Pass	Got proper count of unique colors
dEQP-VK.pipeline.monolithic.multisample.min_sample_shading_disabled.min_1_0.samples_32.quad	NotSupported	Unsupported number of rasterization samples at vktPipelineMultisampleTests.cpp:884
dEQP-VK.pipeline.monolithic.multisample.min_sample_shading_enabled.min_0_0.samples_2.quad	NotSupported	Unsupported number of rasterization samples at vktPipelineMultisampleTests.cpp:884
dEQP-VK.pipeline.monolithic.multisample.min_sample_shading_enabled.min_0_25.samples_16.quad	NotSupported	Unsupported number of rasterization samples at vktPipelineMultisampleTests.cpp:884
dEQP-VK.pipeline.monolithic.multisample.min_sample_shading_enabled.min_0_25.samples_64.quad	NotSupported	Unsupported number of rasterization samples at vktPipelineMultisampleTests.cpp:884
dEQP-VK.pipeline.monolithic.multisample.min_sample_shading_enabled.min_0_25.samples_8.quad	Fail	Got less unique colors than requested through minSampleShading
dEQP-VK.pipeline.monolithic.multisample.min_sample_shading_enabled.min_0_5.samples_4.quad	Fail	Got less unique colors than requested through minSampleShading
dEQP-VK.pipeline.monolithic.multisample.min_sample_shading_enabled.min_0_75.samples_32.quad	NotSupported	Unsupported number of rasterization samples at vktPipelineMultisampleTests.cpp:884
dEQP-VK.pipeline.monolithic.multisample.min_sample_shading_enabled.min_1_0.samples_2.quad	NotSupported	Unsupported number of rasterization samples at vktPipelineMultisampleTests.cpp:884
dEQP-VK.pipeline.monolithic.multisample.min_sample_shading_enabled.min_1_0.samples_8.quad	Fail	Got less unique colors than requested through minSampleShading
dEQP-VK.pipeline.monolithic.multisample.misc.basic.r8g8b8a8_unorm_r16g16b16a16_sfloat_r16g16b16a16_sint_d16_unorm.16x.ds_resolve_max.sub_framebuffer.default	NotSupported	framebufferColorSampleCounts: sample count not supported at vktPipelineMultisampledRenderToSingleSampledTests.cpp:990
dEQP-VK.pipeline.monolithic.multisample.misc.basic.r8g8b8a8_unorm_r16g16b16a16_sfloat_r16g16b16a16_sint_d16_unorm.2x.ds_resolve_max.sub_framebuffer.default	NotSupported	VK_FORMAT_R8G8B8A8_UNORM: sample count not supported at vktPipelineMultisampledRenderToSingleSampledTests.cpp:1023
dEQP-VK.pipeline.monolithic.multisample.misc.basic.r8g8b8a8_unorm_r16g16b16a16_sfloat_r16g16b16a16_sint_d16_unorm.4x.ds_resolve_max.sub_framebuffer.default	Timeout	no output for 60s, process killed
dEQP-VK.pipeline.monolithic.multisample.misc.basic.r8g8b8a8_unorm_r16g16b16a16_sfloat_r16g16b16a16_sint_d16_unorm.8x.ds_resolve_max.sub_framebuffer.default	Fail	Incorrect multisampled rendering for color attachment 1, color attachment 2, depth attachment
dEQP-VK.pipeline.monolithic.multisample.misc.basic.r8g8b8a8_unorm_r16g16b16a16_sfloat_r16g16b16a16_sint_d24_unorm_s8_uint.16x.ds_resolve_max.sub_framebuffer.default	NotSupported	framebufferColorSampleCounts: sample count not supported at vktPipelineMultisampledRenderToSingleSampledTests.cpp:990
dEQP-VK.pipeline.monolithic.multisample.misc.basic.r8g8b8a8_unorm_r16g16b16a16_sfloat_r16g16b16a16_sint_d24_unorm_s8_uint.2x.ds_resolve_max.sub_framebuffer.default	NotSupported	VK_FORMAT_R8G8B8A8_UNORM: sample count not supported at vktPipelineMultisampledRenderToSingleSampledTests.cpp:1023
