dEQP-VK.query_pool.occlusion_query.copy_results_precise_size_32_wait_query_with_availability_draw_triangles_discard	Fail	Query result verification failed
dEQP-VK.query_pool.occlusion_query.copy_results_precise_size_32_wait_query_without_availability_draw_triangles_discard	Fail	Query result verification failed
dEQP-VK.query_pool.occlusion_query.copy_results_precise_size_32_wait_queue_with_availability_draw_triangles_discard	Fail	Query result verification failed
dEQP-VK.query_pool.occlusion_query.copy_results_precise_size_32_wait_queue_without_availability_draw_triangles_discard	Fail	Query result verification failed
dEQP-VK.query_pool.occlusion_query.copy_results_precise_size_64_wait_query_with_availability_draw_triangles_discard	Fail	Query result verification failed
dEQP-VK.query_pool.occlusion_query.copy_results_precise_size_64_wait_query_without_availability_draw_triangles_discard	Fail	Query result verification failed
dEQP-VK.query_pool.occlusion_query.copy_results_precise_size_64_wait_queue_with_availability_draw_triangles_discard	Fail	Query result verification failed
dEQP-VK.query_pool.occlusion_query.copy_results_precise_size_64_wait_queue_without_availability_draw_triangles_discard	Fail	Query result verification failed
dEQP-VK.query_pool.occlusion_query.get_create_reset_results_precise_size_32_wait_query_with_availability_draw_triangles_discard	Fail	Query result verification failed
dEQP-VK.query_pool.occlusion_query.get_create_reset_results_precise_size_32_wait_query_without_availability_draw_triangles_discard	Fail	Query result verification failed
dEQP-VK.query_pool.occlusion_query.get_create_reset_results_precise_size_32_wait_queue_with_availability_draw_triangles_discard	Fail	Query result verification failed
dEQP-VK.query_pool.occlusion_query.get_create_reset_results_precise_size_32_wait_queue_without_availability_draw_triangles_discard	Fail	Query result verification failed
dEQP-VK.query_pool.occlusion_query.get_create_reset_results_precise_size_64_wait_query_with_availability_draw_triangles_discard	Fail	Query result verification failed
dEQP-VK.query_pool.occlusion_query.get_create_reset_results_precise_size_64_wait_query_without_availability_draw_triangles_discard	Fail	Query result verification failed
dEQP-VK.query_pool.occlusion_query.get_create_reset_results_precise_size_64_wait_queue_with_availability_draw_triangles_discard	Fail	Query result verification failed
dEQP-VK.query_pool.occlusion_query.get_create_reset_results_precise_size_64_wait_queue_without_availability_draw_triangles_discard	Fail	Query result verification failed
dEQP-VK.query_pool.occlusion_query.get_reset_results_precise_size_32_wait_queue_with_availability_draw_triangles_discard	Fail	Query result verification failed
dEQP-VK.query_pool.occlusion_query.get_reset_results_precise_size_32_wait_queue_without_availability_draw_triangles_discard	Fail	Query result verification failed
dEQP-VK.query_pool.occlusion_query.get_reset_results_precise_size_64_wait_queue_with_availability_draw_triangles_discard	Fail	Query result verification failed
dEQP-VK.query_pool.occlusion_query.get_reset_results_precise_size_64_wait_queue_without_availability_draw_triangles_discard	Fail	Query result verification failed
dEQP-VK.query_pool.occlusion_query.get_results_precise_size_32_wait_query_with_availability_draw_triangles_discard	Fail	Query result verification failed
dEQP-VK.query_pool.occlusion_query.get_results_precise_size_32_wait_query_without_availability_draw_triangles_discard	Fail	Query result verification failed
dEQP-VK.query_pool.occlusion_query.get_results_precise_size_32_wait_queue_with_availability_draw_triangles_discard	Fail	Query result verification failed
dEQP-VK.query_pool.occlusion_query.get_results_precise_size_32_wait_queue_without_availability_draw_triangles_discard	Fail	Query result verification failed
dEQP-VK.query_pool.occlusion_query.get_results_precise_size_64_wait_query_with_availability_draw_triangles_discard	Fail	Query result verification failed
dEQP-VK.query_pool.occlusion_query.get_results_precise_size_64_wait_query_without_availability_draw_triangles_discard	Fail	Query result verification failed
dEQP-VK.query_pool.occlusion_query.get_results_precise_size_64_wait_queue_with_availability_draw_triangles_discard	Fail	Query result verification failed
dEQP-VK.query_pool.occlusion_query.get_results_precise_size_64_wait_queue_without_availability_draw_triangles_discard	Fail	Query result verification failed
